이름,우편번호,주소,주소상세,전화번호,이메일
김현준,23856,울산광역시 관악구 영동대97로 457,상호박아파트,010-0001-4993,yejunhan@example.net
손예지,64450,대전광역시 구로구 반포대749가 283-3,민재장빌라,044-192-6545,seungmingim@example.net
진혜진,43272,강원도 양주시 석촌호수로 311-52,정남박아파트,016-568-1180,qgim@example.net
김은주,50124,강원도 하남시 잠실669길 879-50,도윤김타워 482호,063-788-6442,seoyeonjo@example.net
윤예진,13722,대구광역시 강서구 강남대길 357-58 (정순이리),수빈박타워 바동 305호,019-325-7193,yeongiljang@example.net
김순옥,61200,경기도 속초시 반포대6길 359-66 (순옥김동),도윤최타운,042-179-4272,hgim@example.org
김예지,85533,경상북도 안성시 서초중앙8가 947-48 (경수허김리),은정장심연립 756동 887호,054-026-5406,jihyemin@example.net
김민수,09182,대구광역시 서대문구 봉은사길 691-29 (민서박이동),예은장김타운 991호,044-620-3948,fnam@example.com
김은서,17377,대전광역시 종로구 백제고분가 736 (정순황한면),정호박빌라 090호,070-5637-2517,sanghuni@example.net
정성민,93768,대구광역시 성북구 백제고분가 771-33 (상호김김읍),민서이박타운,053-185-1188,fsong@example.com
구경수,25319,경기도 정선군 강남대길 296,수진지빌라 639호,044-826-2464,jeonghojang@example.org
박경숙,39531,경상북도 안양시 동안구 논현로 744-81 (우진이동),건우한아파트 158호,019-696-0979,jeonghyi23@example.org
이민서,70064,경상북도 예산군 잠실가 838-12 (옥순이남읍),미숙곽아파트,062-496-3778,byeongceolgweon@example.net
최미영,13110,울산광역시 성북구 삼성524거리 359 (순옥김손동),유진이김빌라,042-732-2007,coeseongsu@example.net
이성민,11035,인천광역시 동작구 석촌호수93가 609-58,정호이이타운 G동 413호,02-1833-8370,bagyeji@example.net
이수빈,96205,강원도 화성시 학동04가 907,준호장김마을 744호,011-448-9300,coeseonyeong@example.net
이수민,12175,경상남도 안산시 단원구 백제고분로 5-9 (정순고이면),은주김장마을,033-742-4004,csong@example.com
이승민,16136,충청북도 진천군 선릉46로 801,서연김김타워 나동 491호,051-640-8092,gimseongjin@example.com
양윤서,73422,대구광역시 강동구 잠실1가 561,진우김타워 758호,031-514-5117,yeeunbag@example.net
김준혁,77249,대전광역시 성동구 봉은사014거리 570-40 (도현박김면),현숙이마을 Y동 873호,043-946-1067,bagmyeongja@example.com
박영숙,72454,전라북도 음성군 봉은사로 894-80,미정박연립,043-546-7628,qbag@example.org
이옥순,18336,강원도 당진시 석촌호수68거리 지하689 (경수이김동),현지한이타워 X동 431호,032-112-2214,rsong@example.net
양미경,12003,대구광역시 중랑구 테헤란로 102,진호김양마을,054-255-9347,gimminseo@example.com
최민재,78720,충청남도 안산시 단원구 양재천길 889,미정강이타워,032-323-9874,gimhaeun@example.com
최정수,08902,경상남도 성남시 잠실가 656,정호양타워 바동 061호,033-831-4951,jeongsuggim@example.com
장경숙,48803,경상북도 과천시 양재천가 923-41,하은한타워,042-955-4241,yryu@example.org
송현숙,25962,울산광역시 양천구 봉은사로 706 (정웅박이마을),성수오마을 476호,055-670-4735,ijongsu@example.org
김명숙,88486,대구광역시 종로구 봉은사가 391-22 (지우최면),영수강타워 T동 658호,017-336-7923,lhan@example.com
이은지,76333,세종특별자치시 동작구 석촌호수로 26-7 (도윤이박읍),영진김이타운 083호,042-982-6176,gimjaehyeon@example.com
김성수,54608,울산광역시 도봉구 잠실로 703 (지원지홍면),영순황이빌라 577호,02-0041-5254,eunseo69@example.net
강정수,17433,서울특별시 마포구 도산대1길 519,광수이윤마을 236호,055-027-6101,gimjeonghyi@example.org
박광수,94280,대전광역시 노원구 도산대로 929 (건우박장면),서연안타운,063-298-9739,eunjii@example.org
신정호,70355,전라북도 보은군 봉은사99로 지하833 (영수정면),영호김연립 734동 430호,054-497-9607,noseohyeon@example.org
문명자,99345,대구광역시 영등포구 영동대로 196,명숙양빌라 O동 767호,051-509-4074,egim@example.com
김진호,29089,인천광역시 동대문구 양재천88가 105 (명숙박동),예진이나타워,018-277-6492,jeonghyi66@example.net
김정남,07868,경기도 군포시 삼성451가 308-30,현준박연립 249동 304호,02-7597-9330,yujingang@example.org
김춘자,89199,전라북도 보은군 언주359거리 443-73 (지원강마을),병철이타워 465호,062-975-3337,googja@example.org
심우진,82065,경상북도 공주시 테헤란23거리 752,예은이연립,033-347-1660,ncoe@example.org
김동현,27115,울산광역시 강북구 학동길 502 (은경김김면),종수이안마을,017-543-9682,junyeong72@example.net
박성현,06588,인천광역시 강남구 반포대가 825,지우황강연립,055-130-5263,gimmiyeong@example.org
박광수,31562,전라북도 용인시 기흥구 테헤란가 391-56 (미영이마을),정순서최빌라,070-8473-3306,bagjiyeong@example.org
심영환,92797,경상남도 안산시 단원구 역삼길 799 (정식윤강마을),지훈김마을,041-773-0591,gimbyeongceol@example.net
김지영,42469,광주광역시 강남구 도산대로 497-55 (주원박마을),은정이이연립 819호,054-197-8069,geonu97@example.com
권예진,39636,부산광역시 금천구 석촌호수858가 6 (정수오동),진호박박연립,064-721-5527,eungyeong14@example.net
장예준,45533,대구광역시 영등포구 언주길 309,지민김아파트 666호,032-032-6198,sanghyeon34@example.com
박우진,92603,세종특별자치시 서대문구 논현길 214-77 (수민김동),명숙진남마을 691호,011-193-5342,anjeongnam@example.com
박정순,81539,충청북도 영월군 학동거리 526 (정남박마을),승현박황타워 443호,055-510-9955,tson@example.org
이도현,22844,부산광역시 송파구 백제고분615거리 588-77,도현박송마을 740호,033-201-8007,eungyeong00@example.net
이아름,60716,서울특별시 노원구 반포대로 494 (민석주면),정희최김빌라 984호,042-953-6157,ubag@example.org
김서준,85254,강원도 포천시 언주308가 471 (현우김권동),경숙강김타운 F동 543호,042-873-7232,minseog14@example.org
장미경,93064,세종특별자치시 은평구 백제고분98길 335-31,영희최이아파트,032-802-7384,lbag@example.com
김도윤,10990,서울특별시 금천구 압구정로 530-60,명숙남아파트,052-372-5681,baejeongsun@example.org
김광수,79139,전라남도 화천군 서초대1로 168-90,은경김송아파트,054-466-5573,hyeonugim@example.net
김영철,70966,경기도 청주시 청원구 가락27길 630-95,명자김아파트 82동 005호,031-073-9771,jeongnam78@example.net
김예원,61203,충청북도 진천군 서초대가 702-20 (미숙김동),성진김이빌라 421호,044-254-7860,gimmyeongja@example.com
이미경,65140,대구광역시 동구 봉은사020거리 599,예원노이아파트 Q동 375호,055-391-4657,yi@example.com
이준호,37009,부산광역시 노원구 역삼길 901 (영순김정읍),하은김차마을 나동 917호,044-226-1790,suminsim@example.org
안옥자,54799,울산광역시 송파구 선릉거리 324,예지유아파트 A동 556호,064-707-5658,seonghun58@example.com
이지연,39870,경상북도 단양군 가락가 604 (옥자이면),은정김김타워 546호,016-906-9300,najiu@example.net
유은영,21999,부산광역시 송파구 가락가 지하636 (영호백동),은주송아파트 C동 281호,063-581-2988,iseongmin@example.net
한은주,20434,광주광역시 중구 서초대76가 338-9,영식양김마을 L동 731호,033-083-4672,sunjagim@example.com
박상호,77942,서울특별시 강남구 언주길 25 (현정주마을),현우김마을 815호,051-663-8716,gangseongjin@example.com
강유진,84708,대전광역시 도봉구 삼성2거리 841,현숙최주아파트 가동 188호,055-977-9085,zyu@example.net
안수빈,65439,제주특별자치도 안성시 서초대거리 537-90,하은백김아파트 264호,064-794-7050,heojongsu@example.com
김예지,43643,광주광역시 송파구 백제고분로 782-77,지후장윤아파트 H동 681호,043-518-3803,ogja71@example.com
박서준,46949,서울특별시 성북구 잠실로 560,선영이타운 459호,017-340-2307,iyujin@example.org
장아름,16903,경상북도 용인시 처인구 압구정가 332-89 (지연박마을),영자문마을,070-8652-0304,donghyeonca@example.com
이지후,35016,경상남도 철원군 논현305가 100-90,예준류김마을,070-2446-3670,jaehyeoni@example.net
박민준,12203,전라남도 여주시 양재천78거리 126-42,춘자강마을 196호,044-280-2429,hanyujin@example.com
김성민,53207,강원도 구리시 선릉471길 250-42,은주곽빌라,02-7552-2035,gyeongsug71@example.com
김정순,39369,전라남도 성남시 역삼길 422 (영진이면),성현이권빌라,019-217-1796,uyun@example.net
김지은,88020,인천광역시 금천구 가락가 192 (지은전성리),서준김한마을 771호,032-457-8186,seongjin96@example.com
박정순,43720,부산광역시 구로구 압구정로 206-13,민수김김타워,064-795-8457,hanyeongsug@example.net
김시우,83792,강원도 동두천시 도산대39가 430-50 (정수이류동),정수김타운 X동 314호,062-701-0592,jungsu10@example.com
진숙자,87940,강원도 김포시 백제고분562가 296-12,정희주빌라 082호,010-9684-9112,seunghyeonbaeg@example.org
이지원,94661,충청남도 가평군 잠실766거리 563-96 (영호정읍),예원안박타운 136호,032-333-3777,boram53@example.org
이영일,24768,대전광역시 서구 영동대235로 지하233,순자강김빌라 638호,033-869-7038,jinho96@example.com
김진호,28097,인천광역시 노원구 개포64길 73-35,하은오최마을 611호,063-452-8546,jihubag@example.org
김영호,33513,인천광역시 영등포구 백제고분길 182,현준박연립 905호,064-771-4419,seongjinno@example.com
서영진,87532,대전광역시 동구 봉은사94로 129,지영김빌라,016-589-4110,songyeongjin@example.org
이상철,61480,서울특별시 마포구 선릉가 661 (보람송리),상철이김타워 558호,017-860-2433,ryuseongjin@example.org
김은지,43272,충청남도 양구군 서초대6가 324,민서이아파트,054-243-3982,seongmini@example.net
박서연,85575,전라북도 영월군 백제고분로 548,영미박장타운,043-005-3151,seoyeonjang@example.org
송성호,79480,경상남도 천안시 동남구 삼성3길 709-2 (예진김이읍),민준배차타워 I동 709호,018-680-0603,boramsong@example.net
박경수,70410,대전광역시 마포구 역삼길 700-98,병철양아파트,032-521-4290,ni@example.com
김성현,79736,인천광역시 마포구 서초대673길 374,준서송빌라,033-301-5737,hongmijeong@example.com
박성훈,94554,경상남도 성남시 석촌호수길 397 (아름장김동),지우이타워 745호,041-891-6307,ansunja@example.org
강지훈,54235,충청북도 철원군 석촌호수로 576-64 (준호김김읍),정순이김타운 Y동 061호,02-7855-6685,jeonghyi09@example.com
김선영,57159,경상남도 정선군 삼성18길 지하857,병철김타워 나동 670호,017-940-6554,yeongilgim@example.net
최영미,92477,대구광역시 광진구 오금가 153,현준이이타운 058호,063-254-7921,seonyeong57@example.com
이은영,14097,서울특별시 금천구 봉은사거리 515-87,영자김연립 바동 294호,062-445-6655,ubag@example.com
백정웅,80152,제주특별자치도 파주시 잠실26거리 465 (영진정김면),예진김박연립 J동 846호,051-303-7314,miyeong16@example.com
노건우,06341,경상남도 진천군 학동872길 607 (준호이김읍),성훈류연립 828호,032-935-9014,bagjunyeong@example.com
오동현,39474,충청남도 용인시 처인구 영동대0거리 544,정순김한타운,042-974-3375,vbag@example.org
이서현,41506,충청남도 천안시 서북구 오금거리 109-14,현정한빌라 137호,041-769-9730,jinhoi@example.org
장영철,70693,경기도 청주시 청원구 백제고분6로 134-25 (승민한유면),민지윤마을 E동 629호,052-297-2579,seoseohyeon@example.org
박도현,13349,충청남도 이천시 역삼가 563-99,영호주김타워 I동 225호,055-178-2520,hyeonjun76@example.org
김영수,71726,경상북도 천안시 동남구 언주길 216,상훈이박타운 008호,018-273-8389,hongjeongsu@example.com
이서윤,38635,전라남도 연천군 양재천005거리 276-10 (옥순홍읍),경숙서타운 672호,054-639-0696,jgim@example.com
김지민,47650,충청남도 홍천군 역삼73거리 54 (정호이동),우진이강아파트,033-704-9807,ggim@example.net
김영수,03056,전라북도 천안시 동남구 언주길 231-72,성진김구아파트 다동 061호,032-870-1417,agang@example.org
홍정수,37199,대구광역시 금천구 서초중앙거리 337-54 (수빈김면),은주이빌라 K동 994호,051-761-8848,gyeongsugan@example.com
김선영,93889,전라남도 강릉시 백제고분69가 35 (현주안조읍),예은조빌라,011-700-7871,yeweongim@example.org
최미정,44074,울산광역시 양천구 가락거리 965,건우이연립,031-135-1171,pgim@example.org
송정식,06782,경상북도 수원시 권선구 도산대거리 856-2,서현김빌라,019-841-6966,junhobag@example.com
박지영,44775,제주특별자치도 단양군 학동거리 244 (승현김최면),상철이연립 522동 023호,044-308-5997,donghyeoni@example.org
박정훈,80658,전라남도 용인시 처인구 도산대02로 216 (현우구문읍),숙자박하마을,019-834-8552,yeongilgo@example.net
노지아,78371,경상북도 계룡시 테헤란627거리 344 (성현박김마을),정자서마을 564호,016-717-3061,jeongsu26@example.com
송성민,36210,부산광역시 마포구 테헤란686길 지하858,영숙최빌라 265호,043-683-6166,ngim@example.org
김경숙,01074,부산광역시 강서구 강남대거리 562,성호김타운 L동 701호,042-672-3321,sugja28@example.net
박하윤,45108,강원도 영월군 삼성길 82 (수빈이이마을),상훈이마을 Z동 454호,018-793-3742,heohyeonsug@example.com
김경숙,07069,광주광역시 중구 개포거리 415-40 (진우김마을),서윤박박빌라,051-896-8284,yeweonbag@example.org
민정희,61749,서울특별시 구로구 압구정거리 711-89,지우허타워 라동 748호,031-629-3569,jangbyeongceol@example.com
이민석,35721,대구광역시 양천구 언주9가 747 (영숙진나읍),영환김김타워,063-454-6134,hgim@example.com
이은지,35957,대전광역시 북구 가락62가 97 (성현백마을),영숙김연립,017-674-0373,misugi@example.net
문경자,04228,충청북도 화성시 양재천로 856 (미정오김마을),은지이김연립 M동 535호,054-158-0832,ci@example.com
이정호,44629,전라북도 가평군 잠실0거리 지하148 (경희서면),성훈김타워,052-816-5626,rryu@example.org
문성수,56947,세종특별자치시 강남구 역삼거리 26-77,현준류아파트 420호,063-204-5694,jimin34@example.org
박승민,15064,부산광역시 금천구 역삼71로 148-43 (정자최읍),춘자이빌라,02-0340-7062,vi@example.org
김예은,72810,경기도 홍천군 영동대가 40-2,도현박빌라,070-1131-2477,simsangho@example.net
강중수,44794,인천광역시 관악구 반포대가 832 (영길김류동),서윤김연립,062-540-2909,gimseoyeong@example.org
이시우,27241,강원도 삼척시 선릉1로 지하9,정수허김타운 나동 468호,054-012-0524,jeonghyi12@example.com
장아름,68306,경상북도 부천시 소사구 반포대21길 191 (은정신마을),영일이김마을 T동 991호,063-410-1498,mgang@example.net
조정순,65090,경기도 보령시 삼성7길 980,성수이연립,064-797-8107,sunogbag@example.net
김명숙,76522,세종특별자치시 용산구 반포대거리 751-20,보람류연립,054-698-6232,dbag@example.net
오현지,23962,경상남도 삼척시 양재천길 792,정희김아파트 V동 370호,019-680-7512,sanghyeongim@example.net
김중수,24317,부산광역시 남구 압구정15로 293,지우김마을 930호,033-194-4172,yeongil73@example.org
안주원,38031,충청남도 계룡시 백제고분가 281-72 (경자민황면),우진김타운,063-237-2741,minsu63@example.org
김영길,70189,강원도 평창군 석촌호수89거리 183 (영수구오면),하은최연립,043-999-4735,hanogja@example.org
이동현,95330,충청남도 광주시 봉은사8거리 593-75,은경강아파트,054-564-3102,gangjeonghyi@example.net
박준영,06662,경상남도 부천시 소사구 서초중앙188가 136-27 (지훈신면),상호김연립 050호,032-019-7406,gangyeongsun@example.org
김서현,70598,서울특별시 광진구 테헤란7로 751-71,경수안고타운 778호,064-769-2001,esong@example.com
안정자,51339,서울특별시 북구 삼성길 927 (지후이김리),성훈손빌라,053-078-3604,ngim@example.org
손성수,91518,서울특별시 광진구 언주506길 545-86,순자김최타워 W동 702호,044-568-2617,hongsunja@example.org
권예진,23970,강원도 삼척시 잠실9로 621-75,상현홍김연립 162호,044-795-7198,kgo@example.com
조지원,53327,경기도 과천시 서초중앙길 774,은영서아파트 F동 843호,02-6218-6835,hgim@example.net
황정훈,62534,전라남도 보령시 서초중앙76가 625-67 (미숙박동),보람차연립,02-5842-5796,bgo@example.com
배영자,27864,대전광역시 강동구 석촌호수3거리 113 (재현차이면),경희김김타운 643호,011-153-6273,migyeong26@example.net
하병철,36506,울산광역시 종로구 서초대863가 89-80 (승민손읍),미경김아파트,010-9408-1345,gimjuweon@example.net
양예지,77127,대전광역시 중랑구 선릉0거리 610-18 (서영최동),지우양박연립 Q동 269호,070-1701-5814,yeonggil20@example.org
임선영,80779,울산광역시 강남구 반포대74거리 458 (준서홍이면),명숙김이마을 E동 718호,063-332-6580,songjeongsig@example.org
이아름,30926,인천광역시 은평구 반포대로 463-73,상현이빌라 E동 776호,054-346-0176,gimyejun@example.com
박예은,32028,경상남도 정선군 오금가 648-39,미경강박연립 341호,063-526-4704,ggim@example.net
이영수,82926,충청북도 고양시 일산서구 학동1길 315,아름차김타워 250호,02-6435-3207,gwangsu07@example.org
김예원,94101,전라남도 속초시 압구정로 325 (지우안김읍),현숙문권마을 417호,018-109-6741,bagjinu@example.net
김정수,21261,경기도 영동군 도산대가 664-73,병철이아파트,052-316-3437,yeonghogim@example.org
송경숙,49155,서울특별시 남구 백제고분로 987 (도현김장마을),경희차구빌라 L동 711호,052-271-6788,gimyeweon@example.com
이시우,58488,인천광역시 동대문구 잠실가 763-91,준서최김아파트 165호,011-839-4611,jiyeong46@example.com
이영진,69852,경상남도 홍성군 학동00거리 779,서영박김빌라 D동 127호,051-007-1139,songeunju@example.com
한현숙,75191,경상북도 화성시 테헤란53거리 85 (우진홍동),경수김빌라 마동 764호,033-005-4269,fgim@example.org
윤지우,74951,경기도 군포시 가락8거리 161 (상현박허동),정순안이아파트 라동 019호,054-947-5536,ihaeun@example.net
오예원,68776,경상북도 금산군 언주길 371 (서영김마을),숙자김연립 K동 246호,011-800-6688,yunhaeun@example.net
김성훈,75268,전라북도 수원시 팔달구 언주91길 지하680,정희김연립 847호,043-579-0470,sugjasong@example.com
김경숙,21306,충청북도 제천시 학동44가 70-95 (영순손오리),지아김곽타워 610호,064-755-0646,agim@example.org
송동현,97766,경상남도 용인시 처인구 봉은사거리 229,수빈윤마을,044-534-8419,yeongsig75@example.com
박경숙,38125,제주특별자치도 화성시 언주64길 517,민재이이타운 다동 801호,011-059-7073,seungminyun@example.org
최병철,27468,전라북도 제천시 강남대376가 883-42 (은서진리),예준김윤아파트,02-3612-6906,hyeonu44@example.net
이지후,20691,강원도 서산시 서초대464길 710-79,지연김빌라 566호,064-791-4688,jeongsug24@example.com
이승민,33038,경기도 고양시 일산동구 석촌호수가 819-88 (서준민박면),도윤김최타워,044-616-7750,minseogheo@example.com
지서현,73466,대구광역시 종로구 잠실가 395-30 (영미배허마을),승민이김마을 N동 954호,018-927-3953,seoyeon31@example.org
윤지연,48089,충청남도 수원시 영통구 서초대거리 621-80,지현정타워 747호,016-245-5314,zi@example.com
이동현,32247,대전광역시 강남구 영동대로 841,옥순김조타워 85동 789호,070-8546-4013,yeongsunnam@example.net
김채원,48734,전라남도 평창군 개포로 892-29 (은서박리),주원윤연립,042-115-4977,seongho69@example.com
이숙자,82398,충청북도 태안군 역삼9가 251-55,유진박연립 Z동 959호,019-013-4713,eunjii@example.com
박중수,49332,대구광역시 강서구 테헤란로 10-94 (은정박최동),정식한타워,054-918-2037,seoyunim@example.org
김성민,84133,광주광역시 성동구 학동57가 697,민지박강연립 N동 372호,064-711-5458,iogsun@example.org
이정자,40040,대전광역시 동작구 선릉길 357 (옥자김리),지현이타운,070-3161-0763,veom@example.com
장상철,19568,제주특별자치도 시흥시 석촌호수로 지하68,우진김배아파트,051-189-3745,yeongsugcoe@example.org
장은서,21302,경기도 정선군 테헤란9길 727,경수권김아파트,054-011-0653,seunghyeongang@example.org
하은영,98673,충청북도 성남시 수정구 반포대거리 914,정수김아파트 U동 394호,061-489-2555,anogsun@example.com
이옥자,72849,제주특별자치도 안양시 만안구 테헤란8가 662,순옥윤타워 J동 963호,053-413-8599,coeseojun@example.net
김영환,13204,대구광역시 금천구 도산대7로 407 (경희이황마을),정자안타운 281호,063-837-0563,ii@example.net
이동현,53061,전라남도 이천시 반포대264가 315-33 (순자김남동),수빈박허타워,010-1549-4891,sugjamun@example.org
김현우,03341,경상북도 안산시 상록구 강남대0길 444-50,정희이곽타운 마동 637호,010-0497-2624,seohyeoni@example.org
김영길,35519,광주광역시 영등포구 역삼로 50,서영백타워 548호,019-534-6477,donghyeon08@example.com
김영일,74660,전라북도 태백시 압구정48길 687-66,민수김타운,044-386-3188,dohyeongim@example.net
김춘자,59765,대전광역시 관악구 가락760길 263 (예진황이동),성진윤주타운,053-590-6033,gimminseog@example.com
박옥자,44246,인천광역시 북구 가락로 597-20 (승민최동),은지류아파트 852호,054-376-5120,sugjabag@example.com
최영순,07639,부산광역시 서대문구 선릉31거리 지하344 (정웅손동),영호장권연립,052-516-1481,yeongmi91@example.org
최준호,80813,경기도 천안시 서북구 서초대가 127-24,은지이연립 X동 803호,031-427-3268,idohyeon@example.org
홍은정,81390,대전광역시 구로구 석촌호수길 지하199,정숙김연립,019-983-6097,gangminjun@example.com
김영자,81750,울산광역시 동구 석촌호수거리 50-52 (상훈김이읍),민재김빌라 690호,053-894-1368,junho01@example.com
장민수,61943,경기도 이천시 반포대거리 2 (경희강이면),민수안타워 바동 003호,041-381-4210,minseoseo@example.org
노영숙,13197,광주광역시 서구 양재천5가 643-66,재호고빌라 446호,011-282-9200,jeongja61@example.com
한광수,78241,경상북도 하남시 반포대1로 25-79,서영장이연립,052-505-3416,gimjeongho@example.net
김은서,18156,강원도 파주시 잠실길 95 (미숙박면),성진이타워,064-753-1116,gimmyeongja@example.com
정민석,39032,전라북도 고양시 일산동구 역삼407거리 478,지혜최류타운 465동 176호,031-376-2926,jeongsun85@example.com
이정훈,93067,전라북도 천안시 서북구 백제고분로 347 (현우박면),선영안이타워,010-3351-4883,isubin@example.org
이영숙,68502,전라북도 청주시 서원구 삼성로 837-20,수민송이빌라 835동 935호,051-607-3725,ijeongnam@example.com
한진우,70773,서울특별시 영등포구 석촌호수거리 731 (영길이김리),지영정문타워,051-680-5030,sugja61@example.com
박도현,28533,충청북도 청양군 가락38로 66,민석배이빌라 I동 649호,031-708-3139,iujin@example.org
윤지현,48326,제주특별자치도 제천시 도산대075가 143-32,유진김오타운,044-527-6577,ryumiyeong@example.net
김옥자,11551,전라북도 원주시 백제고분가 지하607,지은조마을 506호,044-717-7642,yeongil76@example.net
이민준,90138,경상북도 성남시 압구정로 지하689,미영하아파트 나동 489호,062-914-7392,anyeji@example.net
손영숙,42292,대구광역시 동구 봉은사4거리 230-88,병철이이연립 094호,064-703-8087,yi@example.com
김경숙,25053,강원도 용인시 백제고분35로 지하613,은경이타운 C동 232호,031-533-9937,yeongsig37@example.net
유춘자,42047,대구광역시 강서구 학동798거리 594-2,정남고박타운 J동 926호,018-217-5611,gimminji@example.org
이현지,43549,충청남도 괴산군 논현길 786,준영강연립 957호,018-786-2908,jiyeonjang@example.com
백정식,95061,울산광역시 금천구 잠실3길 지하855 (채원박동),명숙안김타운 821호,011-883-9805,obae@example.net
안정자,78847,광주광역시 강서구 서초대가 617-90,정숙안윤빌라 770호,02-9126-4641,gimseoyeon@example.com
김숙자,48769,경기도 충주시 학동84거리 294-61 (선영하유동),윤서이김마을 404호,052-185-5966,ci@example.org
이춘자,87623,대구광역시 양천구 백제고분로 658,상현박서연립 M동 988호,051-007-8275,jeonghyi93@example.net
박민석,74786,전라남도 안산시 상록구 학동거리 209-18,숙자김마을 601호,070-0251-4408,ijimin@example.com
박수민,32015,충청남도 괴산군 가락가 928 (현정송면),영철송아파트 397호,064-730-6271,coedoyun@example.com
강영환,54279,대구광역시 도봉구 논현375길 지하528,영순장타운 라동 918호,052-290-5099,yeongho52@example.org
백영숙,95433,경상북도 광명시 역삼길 490-41 (영철김류마을),성민서류빌라,031-154-6067,yeongsunbag@example.net
이상철,12420,전라남도 청주시 상당구 석촌호수96로 709,종수이최타운 A동 525호,010-0987-1307,eunji30@example.org
장은지,24458,충청북도 용인시 처인구 삼성가 931 (지우윤면),민석김박빌라,031-697-1196,khong@example.com
이예진,84199,충청북도 부천시 소사구 잠실15로 681-71 (영순권박마을),서영김연립 X동 139호,054-452-5209,coecunja@example.org
이승현,12276,서울특별시 동작구 삼성629길 지하696,영숙최문타운,062-527-7333,tjin@example.com
김지아,91478,충청남도 안산시 압구정거리 452-76,영미김황연립 936호,042-048-3208,coeyujin@example.net
김정웅,72240,인천광역시 동대문구 반포대2길 308,미정장문연립 890호,051-008-5403,jeonghyijang@example.com
김병철,80916,세종특별자치시 중구 역삼가 526-56,아름박장마을,053-288-1794,sanghyeongim@example.net
안경숙,56294,광주광역시 금천구 도산대로 69-21 (은경이황마을),지혜김마을,055-101-2806,yeongmicoe@example.org
김아름,51126,경상남도 이천시 잠실0로 91-19,준서서송타운 078호,041-245-4795,minseo07@example.org
김상호,50812,서울특별시 서초구 서초대거리 298-30 (상철박김동),지혜박아파트 420호,016-699-4782,coejinu@example.org
김채원,48402,경상남도 고양시 덕양구 영동대거리 지하309 (지훈김마을),명숙이김타운 T동 560호,042-017-7491,jeongsuhong@example.net
허준영,33346,세종특별자치시 양천구 가락77가 972-62 (성진장리),상호임박연립 121호,043-984-2108,hwangeungyeong@example.org
허영자,54526,전라남도 용인시 처인구 선릉가 435-3 (현지최읍),영수김아파트 Z동 990호,052-395-3082,seongho00@example.com
김순자,37429,세종특별자치시 서초구 개포가 645-35,영수류빌라 973호,054-216-4162,hwangsiu@example.org
김성민,90201,전라남도 충주시 석촌호수16거리 73-92 (수빈강이리),도윤심아파트 721호,062-034-1277,subini@example.org
김지아,58451,인천광역시 영등포구 봉은사거리 947,영진송빌라,052-525-0033,pseong@example.com
임병철,22448,충청북도 평창군 강남대로 115-92 (상호박박리),승민김김타운 250호,061-081-5554,seoyun26@example.com
박하윤,67329,강원도 옥천군 압구정가 749-48,서영김김빌라 838호,061-720-1112,yejunbag@example.org
윤명숙,67039,광주광역시 강북구 석촌호수로 790-32 (옥자김동),건우김홍아파트 B동 203호,011-185-6749,gimjeonghyi@example.org
김승현,12801,인천광역시 영등포구 반포대가 지하355 (숙자지손동),서현박타운,016-094-1897,gimjungsu@example.com
김정훈,53266,광주광역시 종로구 봉은사길 450 (진호최이동),서윤김빌라 L동 228호,011-234-4394,jeongsun29@example.org
장윤서,03098,충청북도 청주시 흥덕구 강남대길 188-70,성수이이타워,063-905-7445,gweoncunja@example.com
송정수,18973,경상북도 평택시 테헤란0가 79,현주김타운 87동 258호,019-444-2121,gyeonghyibaeg@example.net
권정남,91627,대전광역시 중랑구 역삼55로 988-1,은정한장연립 637호,054-975-1344,eomjiweon@example.com
심민석,67780,광주광역시 성북구 학동01로 240 (상현김면),지원안타워 763호,031-843-1079,hyeonjeong71@example.com
박미숙,37735,경상남도 부천시 오금1거리 485 (옥자홍최읍),성진장빌라 533호,064-795-8392,ni@example.org
김민수,82392,충청남도 천안시 동남구 봉은사15길 748 (민석최마을),서윤최아파트 673호,070-1856-7335,yunseohwang@example.net
박승현,03015,서울특별시 중구 학동17거리 210,숙자김서타운 434호,053-160-0263,than@example.com
전성훈,36391,서울특별시 은평구 오금137가 431,지혜나김빌라 H동 104호,051-683-9762,yejini@example.net
이재호,84894,경상남도 속초시 학동거리 27-54 (준서김박읍),지후이빌라,02-5381-5867,hyeonji64@example.com
박정자,89065,경상남도 정선군 영동대가 870 (건우지마을),지현이마을 G동 131호,062-428-4617,jiweon22@example.net
강민재,78127,경기도 철원군 논현거리 지하620,지후이김마을 F동 573호,070-2117-5884,gimcaeweon@example.com
김주원,90932,경기도 영동군 가락8가 944,동현이서연립 라동 743호,041-402-5474,ksim@example.net
이은지,56270,강원도 춘천시 석촌호수8가 449,미영박허아파트,017-468-1500,jeonhyeonsug@example.net
강경자,89323,전라북도 춘천시 언주28거리 568-79 (지혜박박마을),성현안아파트,032-770-4079,hyeonjigim@example.org
김정남,18394,경기도 안양시 동안구 선릉거리 167,경숙김박아파트 840호,010-2836-9773,ogja10@example.com
윤상철,05315,대전광역시 성북구 역삼로 614,정식김타운,062-102-8368,seoyeong05@example.net
권미정,99167,인천광역시 동대문구 백제고분41가 534 (우진김박동),승현김연립,044-603-6246,miyeong74@example.com
박정수,51045,세종특별자치시 북구 압구정길 209-25,정식정빌라 K동 768호,019-315-2067,imigyeong@example.org
이정자,68998,대구광역시 양천구 봉은사거리 지하617,숙자박박마을,033-046-9839,gimogja@example.net
최정자,23073,인천광역시 마포구 학동가 309,영환정장빌라 Y동 423호,052-813-5236,rbag@example.com
지영수,37395,세종특별자치시 구로구 잠실길 167 (영순손장리),채원성연립,016-075-2750,misuggim@example.net
구영희,25042,제주특별자치도 아산시 도산대91로 207-65,지아주타워 T동 079호,053-581-2448,fjo@example.net
한성수,25360,대구광역시 금천구 백제고분1가 531-57,은서한강아파트,052-180-1458,yeongsu23@example.com
박선영,39254,경상북도 고성군 삼성거리 148 (상철고김면),민지김김아파트 M동 447호,031-525-1719,qgim@example.net
곽승현,08618,경기도 인제군 개포9가 356-41,지현김아파트 U동 647호,070-9096-0891,hbaeg@example.org
오지후,69208,광주광역시 동작구 양재천65가 723-75 (지아서이마을),경숙이황연립 217동 793호,017-703-0062,geonu22@example.net
남미영,51675,대전광역시 은평구 개포거리 67 (종수김김면),도윤박이빌라,054-484-1274,yeji18@example.com
박춘자,48897,충청북도 영동군 양재천9길 452-63 (진우김류읍),재현이아파트 V동 811호,055-802-6885,areum26@example.net
박영환,03654,전라남도 청주시 상당구 서초대4길 93-7 (진우장이리),광수최강타워 935호,053-008-4232,minseog99@example.org
박서윤,46868,경상남도 홍천군 석촌호수1거리 967,영길박백타운 U동 253호,031-690-1942,bagjeongsun@example.com
이경자,31552,울산광역시 송파구 압구정로 605-70,채원이연립 197호,043-888-2062,cryu@example.org
김경자,35783,세종특별자치시 성동구 잠실1거리 790-43 (준호김김면),은주황빌라 M동 692호,070-7346-1846,gimyeonghwan@example.com
양지후,96566,광주광역시 성북구 반포대거리 746-94,건우이김마을 D동 506호,042-873-9911,seonghyeon79@example.com
고하은,60789,인천광역시 동대문구 테헤란거리 968-50,현주김박타워,051-984-4469,seoyejun@example.com
안정식,49990,대전광역시 노원구 선릉10가 119,예은양서빌라,064-723-5740,coesangho@example.com
김성현,52082,서울특별시 남구 석촌호수가 764-79 (영희이면),경숙이배빌라 G동 414호,016-564-8276,mijeong64@example.org
이정순,72542,충청남도 횡성군 서초대거리 357,정희권박연립 983호,054-946-3629,subin07@example.org
한서연,74357,경상남도 속초시 논현거리 669-84,중수김아파트 124호,017-145-5784,yeonghwan94@example.net
양정호,24229,인천광역시 영등포구 가락522로 709-3,경수김타운 R동 758호,018-550-2464,ci@example.net
오은지,83759,경상북도 부천시 오정구 양재천길 594 (미영김이동),지혜홍김아파트 604호,062-625-7775,gimmisug@example.org
이수빈,21093,울산광역시 노원구 언주890길 344,은정김이연립 602호,061-844-8296,jijinho@example.org
이정식,01566,대구광역시 강서구 강남대311거리 690 (수진황노읍),현숙이빌라 마동 667호,061-744-0472,yeongmigang@example.org
김은정,16552,대전광역시 양천구 논현705길 지하423,지민장빌라 012호,064-798-2522,ujeon@example.net
하순자,52890,대구광역시 은평구 도산대길 145 (서연진한읍),옥자박타워,019-714-0622,ryuyeongjin@example.net
조현정,72740,광주광역시 중구 반포대가 193,보람김박아파트 749호,054-965-9405,qgim@example.net
장현우,37089,경기도 옥천군 도산대거리 589,예준김한타워 바동 164호,011-223-7452,janggwangsu@example.net
배정호,66935,광주광역시 서대문구 석촌호수64로 804-87 (현정김양읍),준혁최김타워 K동 386호,033-712-9890,yeongmi95@example.com
전영순,80195,전라남도 광명시 서초중앙거리 지하183 (은서김김리),은주한빌라 다동 269호,044-938-6987,gyeongsu74@example.net
고영순,94140,충청남도 괴산군 잠실6길 지하123 (영철김홍동),보람윤차타운,010-9363-4593,seunghyeon27@example.org
한도현,53145,경기도 안양시 테헤란264길 87-93 (민재이리),진우최타운 782호,064-781-3701,ei@example.org
안동현,08707,경상북도 정선군 백제고분87가 659-45,지훈이빌라 720호,011-093-3147,eunyeong37@example.com
김성진,11213,경기도 용인시 처인구 영동대로 760-53 (영길권남마을),은주김마을 Q동 880호,017-357-1742,gimjiu@example.net
오민서,50665,광주광역시 관악구 반포대455거리 340-85 (순자하이면),서준김타워 638호,031-722-1058,minseogseong@example.org
송도윤,58444,세종특별자치시 동대문구 석촌호수길 235 (예원김리),은영고아파트 P동 246호,054-342-5278,coeseongjin@example.net
안경희,75438,대전광역시 강동구 압구정로 지하365 (정남박김리),주원심박타운 U동 278호,042-513-2947,nnam@example.org
최시우,73207,경상북도 부천시 소사구 강남대로 433-70 (주원서김읍),시우장박아파트 536호,044-268-0824,hyeonubag@example.org
윤경수,31654,경상북도 횡성군 학동길 39 (지현우마을),정수박마을 321호,061-193-3845,igyeongja@example.net
하서현,60878,경상남도 속초시 개포876거리 지하951 (정웅박리),경희박박빌라 659호,032-967-5197,jeongjagim@example.com
백승민,85985,충청남도 아산시 서초중앙거리 396 (현주이읍),재현김빌라,054-510-2846,jihye81@example.net
박지은,68283,경상북도 인제군 개포52거리 208-19 (성민임읍),지현박빌라 942호,042-286-1575,kseo@example.com
유수진,61017,경상남도 청주시 상당구 역삼67가 336 (지민오읍),영길조연립 031호,018-240-6876,subincoe@example.com
이영호,41972,강원도 의왕시 언주로 194-20,지은최김연립 Z동 874호,042-588-9128,bageunjeong@example.org
박상철,08739,세종특별자치시 서초구 가락길 172 (상훈홍김동),은지오김마을 Z동 739호,063-759-9981,siui@example.org
박영길,39883,전라북도 연천군 개포22가 787 (정자박읍),예지김홍마을,051-086-8538,donghyeon67@example.org
윤동현,43117,부산광역시 강동구 강남대994거리 184-84 (상훈박김읍),영철류황연립 마동 940호,010-4959-1286,gimhyeonjeong@example.net
민민재,31509,울산광역시 서구 역삼84가 지하875 (지후이면),예은권이타워 라동 546호,033-404-8003,seunghyeongim@example.com
이은주,99846,대전광역시 광진구 역삼가 166-3,성진구김연립 M동 181호,011-347-3558,vgim@example.com
주지후,73494,경상남도 춘천시 개포33가 308-42 (진호서최마을),영희김빌라 762호,043-191-6181,eungyeongseo@example.org
박예진,22340,광주광역시 금천구 개포482가 724,지민김장빌라 223호,063-964-7821,boramcoe@example.com
박영수,29692,인천광역시 동구 백제고분3가 908-71,영희이박연립,011-022-8660,doyungim@example.net
안숙자,73454,서울특별시 도봉구 석촌호수로 지하885,춘자김이타워 G동 320호,041-834-4931,xbag@example.org
김상철,47574,경기도 천안시 동남구 백제고분0로 498 (영호박김동),병철서윤빌라 가동 509호,043-937-2765,sonjihye@example.com
이수빈,64543,대구광역시 동구 오금01가 204,승현김최타워 822호,033-750-3212,seosunja@example.org
김성훈,99199,제주특별자치도 포천시 선릉로 521 (지현남리),영희김마을 T동 709호,043-803-2286,cgim@example.org
김진우,83205,부산광역시 은평구 역삼거리 431 (정식윤이동),지연김박마을 054호,033-976-4011,bgang@example.net
송건우,88453,대전광역시 종로구 영동대거리 423,지후류빌라,016-252-6988,oryu@example.com
황경수,97061,서울특별시 동구 논현거리 314,은서박조아파트 465호,051-349-1655,borami@example.net
황아름,76715,전라북도 원주시 선릉로 797-40 (시우김서마을),성훈이김마을,043-861-8376,mgweon@example.com
김상철,19475,충청북도 보령시 영동대로 지하666,정식김강빌라 424호,051-246-5068,gyeongja53@example.net
이은영,93289,서울특별시 마포구 삼성가 지하713,민준문송타워 455호,070-9561-9978,jiabag@example.com
장도윤,92311,전라남도 진천군 강남대거리 821,수진김장타운 974호,041-808-2828,gimsiu@example.com
김예준,19294,충청남도 양양군 백제고분5로 514,상호김마을 V동 763호,032-401-2899,dohyeonbag@example.org
김영숙,31901,경기도 안양시 가락거리 823-2,혜진이하타워 C동 354호,044-073-1949,yeongsugi@example.com
고지훈,16496,인천광역시 서구 백제고분거리 497,재호안타워 750호,064-740-3541,xyu@example.org
이지아,15236,부산광역시 강서구 개포6로 370-92 (시우송김면),은영이이빌라 267호,053-366-9740,zbag@example.org
강지원,64805,전라남도 청주시 상당구 선릉67가 155-12 (영희이정리),영일노연립 J동 890호,042-871-4184,ui@example.com
서민서,34641,광주광역시 강동구 개포가 지하521,명숙윤타운 G동 925호,064-799-8064,areum73@example.org
이성훈,88329,대구광역시 남구 서초중앙012가 465-32 (예지김정마을),숙자김조타운 M동 270호,054-541-0319,gimgyeongsu@example.org
김성수,44085,강원도 여주시 삼성62길 645-16 (준서류최마을),현준송박빌라 453호,070-2684-8241,baegeunjeong@example.com
오준혁,36232,광주광역시 관악구 논현로 601-20 (성수손김동),순자노연립,011-641-9830,gjang@example.com
오중수,67483,울산광역시 노원구 석촌호수63로 610 (종수김리),은영한아파트,032-131-9861,tseo@example.org
안우진,38326,광주광역시 은평구 논현79가 지하405 (하윤서면),지우홍빌라,053-811-8494,junyeong22@example.com
김준서,82864,전라남도 안산시 단원구 서초중앙길 306 (주원이읍),정훈이마을 157호,019-395-5801,gweonseonghyeon@example.net
이정수,73060,광주광역시 종로구 선릉로 964-37,건우류마을 763호,011-179-9532,vgim@example.net
김병철,52333,세종특별자치시 양천구 가락거리 271,영자박김타운 428호,02-7487-3320,hcoe@example.com
이진우,19303,전라남도 부천시 오정구 언주로 193-76 (민준김김면),상훈김문빌라,064-716-8413,byun@example.org
김선영,66799,경상북도 춘천시 양재천55길 150-42 (영순양리),영숙오장타워 792호,051-234-9799,bagseonghyeon@example.org
김영수,45660,강원도 이천시 양재천거리 646-59 (유진이김리),은영한타운 591호,070-7467-1671,gimjiyeon@example.com
김성민,01938,전라남도 충주시 강남대로 463-49,영호김마을 B동 927호,051-853-2450,gyeongsui@example.org
김서영,01301,부산광역시 광진구 반포대가 843,준영김백타운 Z동 393호,042-797-1216,gweonjiweon@example.net
박서현,54576,대전광역시 송파구 강남대가 329-87,동현한황아파트 Y동 861호,044-339-8446,yeongsu32@example.net
최하은,60907,경상남도 계룡시 가락2거리 191-57,재현이연립,053-339-4316,bagyeongsug@example.com
오상현,00749,세종특별자치시 서초구 영동대946가 902,은경김아파트 162호,010-7660-1120,igeonu@example.com
박예준,51935,충청남도 포천시 압구정936거리 238-26,시우최아파트 495호,032-065-4812,zjo@example.net
성영수,43951,부산광역시 서대문구 서초중앙로 346-26 (정웅김류면),진호강윤타운,010-7672-8729,ogsun50@example.org
박성수,46541,경기도 계룡시 역삼길 168-46,광수윤황아파트,032-724-7933,dbag@example.com
이정웅,71083,서울특별시 관악구 반포대길 지하30,도윤김연립 마동 330호,019-611-4495,zbag@example.net
이영철,25797,인천광역시 마포구 언주52가 899-39 (병철권마을),정순안타운 945호,018-960-5991,sanghun15@example.org
장영미,94015,제주특별자치도 아산시 서초대42로 646-91,혜진김이연립 223호,051-127-4138,mijeong21@example.net
강동현,07866,경상남도 구리시 압구정거리 861 (지원이김면),은서강박연립 779호,019-284-3904,baegjihun@example.net
이옥순,48006,대전광역시 서초구 테헤란로 610-90,동현이연립 B동 664호,070-4838-5392,lbag@example.net
최시우,15185,광주광역시 성북구 언주7가 411-10,예준윤허빌라,016-283-9110,haeun64@example.com
강광수,92531,인천광역시 성북구 압구정47거리 867,성호최타워 000동 626호,019-259-6036,hwangjihye@example.com
박상호,32065,전라북도 수원시 권선구 서초대가 519,하은박아파트 O동 584호,053-584-8941,bagyeonghyi@example.org
김숙자,66135,광주광역시 북구 학동7길 359 (민석우읍),은주김김빌라 Z동 038호,070-6998-8969,sangceoli@example.com
이성훈,71697,인천광역시 강남구 논현94로 51-49,은영김문타운 O동 477호,070-1954-4248,gimjihyeon@example.org
이준영,64821,부산광역시 성동구 서초대5가 222-92,지후지빌라 Y동 879호,02-1226-4361,myeongjai@example.org
전영일,21545,대전광역시 송파구 학동길 239-81,영길김문아파트 나동 498호,010-8076-7573,vsong@example.com
홍선영,40393,광주광역시 강남구 봉은사26거리 369-67 (정수전홍리),중수권이마을,019-704-7118,doyunjo@example.com
민민수,29166,대구광역시 양천구 오금로 993 (현준김읍),종수이이마을 S동 190호,053-289-2299,gimjeonghyi@example.net
김예진,75006,제주특별자치도 고양시 압구정로 750 (지민최이마을),현숙문연립 Y동 327호,055-419-0294,junhyeog75@example.org
이영숙,79292,제주특별자치도 횡성군 가락거리 989-24,예진한이마을 Q동 587호,042-480-9097,eunjigim@example.net
차현숙,80027,부산광역시 성북구 잠실715로 591,수빈이남타운,019-267-0458,rbag@example.com
강정훈,36438,광주광역시 북구 석촌호수9길 275-23 (정식김리),영진장연립,018-571-2221,oi@example.net
장민석,26874,경상북도 청주시 상당구 반포대가 133 (윤서구읍),준영서김마을,070-8871-1258,jinui@example.net
김채원,13319,전라북도 보은군 역삼로 317-94 (상호김동),영미김노아파트 547호,019-581-1610,isunja@example.org
박정호,42787,광주광역시 강서구 선릉82로 598,도현류연립 974호,016-958-1528,seonghoi@example.com
김수빈,54703,세종특별자치시 송파구 도산대거리 647 (준호김성면),진호류연립,062-528-4568,ogim@example.org
안명숙,37461,대전광역시 영등포구 영동대거리 829-36 (지아박최리),예은손타워 987호,011-018-8042,jinhogim@example.net
김진우,11779,전라북도 양구군 역삼거리 591 (영미김김면),상훈김이타운 431호,053-881-4110,yangmigyeong@example.org
노민수,46565,제주특별자치도 의왕시 석촌호수9로 719-20 (영희이허리),영순심아파트,063-895-4097,gwangsujeon@example.net
김광수,62679,부산광역시 남구 가락94로 763,보람이아파트 C동 108호,070-3060-7851,cjin@example.com
박경숙,31682,충청남도 보은군 강남대길 181-49,서현조빌라 290호,054-739-6829,haeun93@example.net
박진우,87296,대전광역시 양천구 반포대길 97 (아름김서마을),윤서김타운 524호,051-864-7711,jeonghogo@example.com
김현정,97858,충청남도 포천시 논현70로 지하662,영숙권이타운 W동 898호,041-839-5781,cbag@example.com
성미경,05686,서울특별시 성북구 도산대가 244-23 (은경이마을),정훈최이연립 W동 154호,031-086-4408,seojun70@example.com
강민준,66987,인천광역시 중랑구 서초중앙로 871 (재현김최동),미영이한아파트 051호,054-173-3279,yeongsugi@example.org
김상훈,28345,경상북도 진천군 서초중앙가 927 (동현주마을),수민최타운 Z동 028호,041-735-5298,ti@example.net
전채원,35698,전라남도 안성시 가락로 788-65,미숙이이타운 D동 860호,064-769-0545,gimeunyeong@example.net
서순자,38005,대전광역시 동구 개포9길 862-40 (영미황강마을),서연이타운,032-402-1666,minseogmun@example.net
류수진,66381,광주광역시 은평구 개포931길 851-1 (지은이윤마을),은영김박마을 다동 831호,032-541-1846,eunseoan@example.net
나경자,29040,전라북도 청양군 삼성가 90 (병철장마을),지영김김연립 K동 038호,053-637-8960,jiweon38@example.com
신영수,06067,충청북도 안양시 만안구 논현717로 536-88,현주임강아파트 187호,019-687-2880,jieungim@example.com
김서현,45640,광주광역시 강북구 석촌호수136길 350-6,명숙김이타워,051-445-9037,yeongsu96@example.com
이우진,22566,경상남도 진천군 영동대602거리 463-52 (지아김김면),영환박김빌라,042-607-8209,dnam@example.com
박성진,75158,충청남도 하남시 서초중앙로 지하71,지후오아파트 U동 800호,031-083-9247,hjang@example.net
김예은,08545,울산광역시 종로구 영동대가 402-63,현주박마을,044-048-2269,hyejin25@example.com
이은영,97307,서울특별시 강서구 언주56거리 284,순자김강빌라 E동 351호,043-472-8742,ubag@example.org
이춘자,46175,충청남도 양주시 학동78길 255 (광수이면),민재최김빌라 006호,051-843-2871,kgim@example.com
류현주,51362,충청북도 충주시 개포가 360-8,정숙김아파트 630호,032-222-9963,seohyeon70@example.org
성영수,57479,전라남도 이천시 강남대거리 23-98 (영미차읍),예진이타워 M동 647호,052-437-9713,yeeun54@example.org
박중수,03089,경상북도 고양시 일산동구 서초중앙가 444,정숙이윤연립 Q동 684호,051-536-1535,jeonhyeonju@example.org
이수진,73766,서울특별시 구로구 압구정7가 53 (숙자김이면),병철한나타워 555호,064-742-0093,jeongsunjeong@example.org
이민지,75332,서울특별시 도봉구 봉은사거리 지하395,영숙허김아파트 L동 423호,055-095-1389,yeongil02@example.org
권민석,21153,대구광역시 용산구 가락6가 488-10 (지영문읍),상현심이타운,070-7787-0026,sugja92@example.org
안순옥,67597,부산광역시 송파구 압구정길 762 (종수박김읍),상철오마을 514호,016-363-6960,jeongung00@example.net
윤정남,70633,강원도 계룡시 언주길 536,주원고타워 S동 222호,02-2163-5736,coejungsu@example.net
이지현,19097,서울특별시 도봉구 삼성2가 844,옥순이안타운 696호,064-780-4146,siui@example.com
성광수,24218,광주광역시 남구 봉은사길 768 (현우조백읍),정남안최빌라 491호,061-241-0992,seoyun82@example.org
손예준,07037,강원도 파주시 언주가 311,승현심강타워 119동 138호,011-169-6007,anyujin@example.com
박진우,69800,강원도 광명시 삼성거리 지하890,광수박마을,070-4879-0801,jinhogim@example.org
김보람,89780,대구광역시 성동구 도산대083가 994-34 (현우김면),예원김이연립,054-683-7770,wno@example.org
박지은,27143,경상북도 청양군 반포대길 433 (정식구리),지훈배이타워 O동 954호,053-893-5265,oyeonggil@example.com
윤우진,51008,강원도 음성군 역삼3길 141 (승현고윤면),준호김타운 695호,041-918-6733,jieuni@example.org
이병철,37249,전라북도 인제군 압구정5가 487-92 (은영배김리),옥자오연립,010-5627-7587,coeseongmin@example.org
서성호,38183,충청북도 춘천시 가락91로 198-39,혜진민아파트 I동 899호,019-892-6808,jinubag@example.net
박미경,68361,충청북도 안산시 상록구 학동99로 824-34 (영진김면),지영이빌라 G동 035호,016-164-1315,jeongsun67@example.org
박진우,48894,울산광역시 금천구 학동길 498-70,혜진박김마을 571호,011-979-9017,egim@example.org
박민석,38198,강원도 충주시 잠실길 153-21,영철김박아파트 630호,063-789-1783,eomjiyeong@example.net
이준영,73034,전라북도 군포시 영동대8길 지하902 (아름박이읍),명숙김타운 W동 129호,055-465-4550,anhyejin@example.com
장정호,82301,강원도 증평군 석촌호수9가 764,예지최타워 152호,061-412-0581,hi@example.org
오명자,21089,대구광역시 강서구 백제고분길 616-48,영길한김마을 K동 224호,061-800-6345,gweonmisug@example.com
엄예원,25433,경기도 파주시 역삼가 717,은서최아파트 700호,064-771-1666,donghyeon47@example.net
이지후,77721,전라남도 부천시 소사구 오금409가 294-3,승민장아파트 224호,016-384-8727,coegyeongja@example.com
박영환,68579,서울특별시 동작구 삼성가 739-90 (서준이김읍),준혁김아파트 Y동 122호,032-647-2566,useongho@example.com
김정희,82817,경상북도 부천시 소사구 개포가 40,미정이아파트 189호,051-442-0430,jaehonam@example.net
최은영,10232,충청남도 속초시 오금거리 818-53,하은최연립 193호,043-381-7126,jiyeonggim@example.net
박정웅,30105,울산광역시 중랑구 논현가 856-90,순옥김윤타운 E동 012호,018-577-6897,sangho58@example.org
박은영,05373,전라남도 홍성군 양재천길 751-39,서영이타워,062-207-3001,yeongho68@example.com
이경수,73899,충청북도 동두천시 삼성6로 798 (지우양김마을),성민이마을 F동 722호,016-225-1753,caeweongim@example.com
이현우,24052,강원도 청주시 청원구 압구정길 지하269,서준박마을 O동 428호,032-098-8357,jeonghyii@example.org
이지훈,10651,경상북도 진천군 선릉95거리 910 (영길최서리),아름윤아파트,062-367-6296,yejin22@example.com
박하은,21573,충청남도 청양군 백제고분404가 200-90 (성민김리),영길박연립 067호,064-716-9392,sangceol59@example.net
박유진,09442,전라남도 구리시 강남대900길 736-27 (정수송읍),은주박타운 나동 448호,010-1753-8018,minsu97@example.com
조미경,82140,경기도 수원시 팔달구 테헤란656로 740 (영철윤마을),은영김김빌라 566호,018-726-5946,jaehoi@example.com
최준영,43663,울산광역시 동대문구 개포77가 153 (상호김동),영미최타운,019-416-1883,hyeonju07@example.org
양민서,21907,충청북도 논산시 논현493가 169 (영숙송읍),숙자박이연립,016-213-0813,haeun74@example.net
김윤서,89125,전라북도 수원시 장안구 백제고분74거리 405-17,승현오윤빌라 861호,031-240-2524,jeonghun56@example.com
강아름,93053,전라북도 정선군 도산대164가 705-36 (영식김이면),서영김타운,061-004-0688,minjijang@example.com
김지우,52888,충청남도 평택시 백제고분009로 지하123,영자성김연립 J동 536호,062-885-5873,jeonghuni@example.org
이시우,28219,울산광역시 도봉구 테헤란3거리 200-89,정훈조우아파트 W동 516호,032-554-7656,hayun18@example.com
박유진,61879,강원도 보령시 삼성9길 605-48,성훈이빌라 133호,053-439-6290,minjiyun@example.net
이진호,88342,충청북도 성남시 분당구 봉은사길 93 (성훈김마을),준호이김빌라 Q동 485호,019-672-1581,bagyunseo@example.com
곽보람,15172,부산광역시 서대문구 석촌호수032로 428 (은서이면),현지김타운 203호,032-534-8540,ojaeho@example.org
오중수,43066,경상북도 청주시 청원구 오금23거리 지하983 (지우권최면),보람홍김타운 M동 829호,063-428-6098,seojun86@example.com
고예준,61872,대전광역시 관악구 학동18거리 876,서현곽이타운 Y동 647호,044-117-6128,gimminseo@example.net
박건우,95652,충청북도 진천군 선릉로 지하223,영희이연립 954호,064-737-9160,hyeonju19@example.com
조정식,64163,전라북도 공주시 삼성022로 362-12,지혜김빌라,010-2014-5041,xsim@example.net
이서영,83115,전라북도 파주시 삼성0거리 819 (승현김김읍),성훈김빌라 872호,016-146-0160,jihyeoni@example.net
이옥순,95467,대전광역시 도봉구 개포65길 496-22,경숙배안마을 A동 183호,043-098-0111,yeonghwani@example.org
이정남,54333,인천광역시 중구 양재천013가 61,상철박타워 라동 255호,031-901-7592,mbae@example.org
안상호,35361,광주광역시 송파구 반포대가 632,영순박연립,041-806-4715,yeongsuni@example.org
김민재,52210,강원도 홍천군 역삼길 667 (병철이면),서영김이빌라,02-2098-1406,dgim@example.com
백준혁,19476,충청북도 하남시 가락24로 351,지현박최타운,041-722-6508,jongsu95@example.com
김예은,94698,부산광역시 강동구 오금24길 486,채원나타운 647호,043-902-1141,ogsun82@example.com
박우진,08526,제주특별자치도 여주시 강남대5로 465-18,정웅윤김타운 375호,064-732-9705,gimjeongsu@example.org
류경수,27772,전라북도 과천시 오금32가 820-46,미숙박타워 마동 508호,053-372-6941,jgim@example.org
김영자,72175,경상북도 파주시 가락길 810-14,도윤김아파트 919호,031-351-9196,uminji@example.net
김재호,09645,서울특별시 은평구 영동대거리 881-49,채원김빌라,070-8609-1245,gangujin@example.com
한재현,52871,광주광역시 중랑구 오금가 지하542,수민최타워,054-690-5146,lcoe@example.org
박수빈,66679,강원도 안산시 양재천길 967 (상철강성리),예지지김타워 L동 267호,033-871-9163,hwangjeongsun@example.net
박건우,60483,충청북도 속초시 가락431거리 301-55,지원김타운 081호,064-730-9815,jongsu37@example.org
이지영,57198,충청남도 하남시 역삼2로 567-42,광수박박마을 161호,010-6698-1598,aneunyeong@example.org
윤지은,22450,전라남도 화천군 삼성거리 201 (현지김배면),우진강박타워 다동 986호,044-560-9979,seongmingim@example.net
김수민,82677,서울특별시 종로구 강남대거리 425-39,정식이백빌라 P동 366호,051-547-8941,coeyeongsu@example.net
임지훈,56362,충청북도 영동군 영동대7로 664 (서현백읍),중수이연립,061-344-4217,bgim@example.net
김주원,04837,충청남도 춘천시 언주거리 987,민지김아파트 676호,063-850-6047,doyun22@example.org
문옥자,65028,전라남도 양양군 압구정90로 553,순자한타워,070-0171-6645,wheo@example.org
정정남,56035,경기도 안산시 테헤란가 337,명숙황이타운 388호,054-579-5393,ogjana@example.org
지준호,33050,경상남도 청양군 오금길 937-15,진호김박타워 119호,010-2324-4654,ai@example.net
최은정,72638,제주특별자치도 화성시 강남대137길 187 (영길이면),은경류타워 218호,042-294-8301,songseongmin@example.com
엄은주,53288,전라남도 수원시 영통구 오금4가 지하290 (예원장리),경숙박나타워 445호,02-8153-2812,minji50@example.org
김진우,14047,부산광역시 양천구 가락18로 32-67,지현김아파트 다동 107호,016-995-2840,minji22@example.net
박준호,61354,제주특별자치도 성남시 중원구 잠실646길 489-40 (성훈조지면),민서이최연립 F동 193호,052-298-5094,zgim@example.org
김하윤,31909,광주광역시 관악구 봉은사로 260-63 (영순홍면),지현이연립 846호,042-880-0440,ngim@example.org
이영호,63519,서울특별시 노원구 봉은사94거리 928 (현우김동),수빈하이연립,043-736-3577,sangceolgim@example.net
박지후,55842,광주광역시 영등포구 반포대가 916 (경숙김손동),상철이서연립 299호,018-475-1539,acoe@example.org
김순자,91156,울산광역시 강남구 반포대로 979,승현이연립 528호,019-274-8100,gimyeji@example.com
박영순,62395,강원도 안양시 만안구 오금로 968-48 (예준김김마을),민재류박빌라 806호,043-044-7417,seongho11@example.org
이은영,71429,대전광역시 중랑구 압구정길 2-3,영철한오타워,064-710-4276,sangceolji@example.net
김채원,15603,강원도 부여군 개포765로 70 (현지김마을),상철박빌라 659호,010-4563-9532,seohyeon60@example.com
이영길,29328,전라남도 동두천시 양재천1가 지하214 (영식김고동),상철김연립,062-434-7066,ro@example.net
이상훈,76113,대전광역시 양천구 언주44로 858,명숙곽아파트 287호,070-3352-9612,ijihye@example.com
박영철,40358,충청북도 인제군 삼성5거리 438,주원최이마을 K동 061호,063-418-4374,vmun@example.org
손민서,04522,제주특별자치도 이천시 개포거리 88-67 (영수정이동),지현유연립 113호,064-712-3985,bagjongsu@example.net
김성현,00986,인천광역시 남구 봉은사거리 지하823,정웅강빌라 938호,019-404-6402,boram05@example.com
이도윤,96307,경상북도 청양군 백제고분745로 691 (예진김리),성진김김연립 J동 231호,011-285-4462,jeongho05@example.net
손영수,45086,제주특별자치도 서천군 테헤란거리 지하161,준호박김빌라 N동 641호,043-860-7641,yeongsig62@example.net
고동현,85158,충청북도 계룡시 영동대거리 950-23,건우이이빌라 113호,041-587-4281,hyeonju87@example.com
서재호,04018,울산광역시 노원구 도산대80길 504,도윤이아파트 S동 154호,018-048-0429,igwangsu@example.net
김은영,95656,충청남도 논산시 잠실거리 533,하윤이이마을,032-040-6501,minjungo@example.org
고준영,45257,대전광역시 송파구 개포085로 692-22,명자이연립 277호,017-999-1398,jujungsu@example.org
안은영,34417,강원도 여주시 봉은사로 267-96 (현준김리),지아권마을 382호,02-5248-2973,jiu90@example.com
이하윤,44535,인천광역시 서초구 개포68가 135-46,준영김아파트 53동 978호,052-703-6751,yujingo@example.com
오미정,40735,울산광역시 송파구 선릉77길 536 (미영김마을),종수류타운,063-707-3055,yeongsungim@example.com
김채원,98787,서울특별시 송파구 도산대길 지하170 (정수이권동),미정김빌라,044-866-1008,gimseonghun@example.net
장성수,70958,경상남도 옥천군 테헤란로 823 (영철강황면),하은이마을 T동 493호,019-750-8130,yeweon10@example.net
이상호,94691,충청북도 안산시 단원구 봉은사가 57 (은경조동),진호곽빌라 182호,016-106-9226,ci@example.net
박정희,09293,세종특별자치시 도봉구 석촌호수756거리 659,지연안타워 839호,041-117-6023,jihyeongim@example.net
노영숙,03516,대구광역시 성북구 도산대로 488 (수진이서면),채원김김마을 348호,053-463-6382,dyun@example.com
양준서,55465,서울특별시 강북구 삼성96로 119,성민한타워 D동 336호,051-795-6981,tcoe@example.org
이광수,08367,부산광역시 중구 압구정83가 170-20 (재현최이동),민지이빌라 211호,011-746-3689,jongsugang@example.org
김지영,06003,대구광역시 성동구 논현551로 442-14,경수홍박타워 T동 445호,052-143-9920,coejiu@example.org
윤영호,53866,서울특별시 남구 역삼가 지하232,정웅강고아파트,011-205-9765,eunjeongbag@example.com
최은정,79687,세종특별자치시 송파구 양재천54거리 420-28 (경자양김면),영자이이타운 S동 642호,033-197-3866,gyeonghyi96@example.net
김미영,37611,충청남도 서천군 논현85가 861-28 (승현이박리),채원김아파트 Q동 088호,019-161-1160,jieun45@example.org
김지현,64849,인천광역시 강북구 석촌호수270로 333,정순이이연립 517호,070-7295-5659,ho@example.org
이현숙,42246,강원도 안양시 동안구 논현거리 지하352,서현김김빌라 827호,031-810-9757,gimseonyeong@example.org
최정웅,35887,광주광역시 구로구 백제고분500거리 553 (서현김김면),숙자홍박연립 Q동 279호,061-072-4470,jihye41@example.net
조영희,54898,전라북도 천안시 동남구 백제고분가 435-2,지후김양마을,051-865-6339,shan@example.org
최정희,43958,전라남도 용인시 기흥구 삼성55거리 851-51 (상철김마을),순자이아파트 라동 151호,010-0960-7806,junhoseong@example.com
이서연,51565,전라북도 서천군 도산대길 659-54,주원구류아파트,010-0954-2954,ogim@example.org
박정호,41735,충청북도 부천시 소사구 백제고분1로 583,정훈박김타워 717호,055-816-7589,jeongjabag@example.org
박진호,72212,경상북도 파주시 봉은사77로 536,지아손양빌라 W동 880호,044-957-0293,zsong@example.com
손지영,65454,충청북도 광주시 봉은사로 322,준영김지아파트 754호,051-270-6301,heojunseo@example.com
홍민재,82730,광주광역시 중랑구 잠실685가 408,경희김빌라 Y동 871호,016-994-4902,hyeonjii@example.net
차서준,94388,울산광역시 종로구 석촌호수가 301,성훈서김타워,031-985-9762,jiyeong72@example.com
최광수,95377,경상북도 김포시 논현거리 778 (하윤서면),은지서문빌라 S동 614호,053-337-0583,jeongsun73@example.org
최민준,28030,대전광역시 양천구 양재천로 지하393 (정훈박읍),지아백이타운,061-843-3432,ijeongsug@example.net
박지연,98716,강원도 양양군 선릉거리 827-53 (은서배류동),상호손마을 E동 975호,033-036-4851,yeeunbag@example.com
김상현,44989,광주광역시 강서구 선릉9가 848-49 (현지강마을),예진김박아파트,062-247-6960,jinho22@example.net
김재현,11738,제주특별자치도 고양시 일산서구 언주23로 425 (지혜양하리),명숙이남빌라 782호,019-320-8506,jihu38@example.com
권상철,31154,전라남도 보령시 반포대10길 511,유진김강연립 446호,016-158-4567,yeongsuu@example.org
한현정,81033,부산광역시 송파구 논현길 20,명숙김박타워 882호,054-417-8015,ogja58@example.net
배준영,41137,세종특별자치시 성동구 오금72길 223-12 (서윤박읍),미영이타운 W동 910호,016-833-5309,jia01@example.com
이정웅,34802,서울특별시 영등포구 강남대80거리 605 (윤서김조읍),종수박김아파트,031-044-6822,gwangsu19@example.net
양경수,08901,광주광역시 양천구 영동대로 918,은지이타워 885호,064-705-1496,xna@example.com
손진우,01156,전라북도 서산시 반포대160길 지하651 (지연임리),순자김타워 나동 446호,017-880-9998,jieungang@example.net
이정자,08028,부산광역시 강동구 강남대로 863,영희최박타운,062-833-3636,minseog87@example.net
정상철,01038,대전광역시 동작구 반포대641거리 883 (민수이나동),성훈박김마을 156호,011-831-2271,bagjungsu@example.org
최보람,73841,전라북도 양양군 서초대길 280-27 (병철이이면),성훈나연립 다동 986호,031-260-3726,gyeongjai@example.org
지동현,19885,인천광역시 동대문구 오금387가 754-70,정식김아파트,016-412-3022,dohyeon70@example.org
심지연,20036,전라북도 고성군 오금731길 479-49,지우손빌라 I동 966호,053-290-5269,seongjinbag@example.com
김영진,83725,충청남도 강릉시 역삼594길 117-58,지아박타운 나동 416호,061-743-5051,angeonu@example.com
김진우,17877,경상북도 안양시 서초중앙5거리 지하637,정순김최타워 968호,033-253-2111,haeun54@example.org
장준혁,52851,대전광역시 금천구 테헤란거리 지하791 (건우양허마을),민서고이마을 P동 144호,019-973-9371,ibag@example.com
김동현,95995,부산광역시 강동구 강남대거리 640,지아이백타워 467호,011-071-9968,vgang@example.org
박종수,38417,광주광역시 관악구 잠실503로 838 (미영박리),서현박빌라 161호,063-131-3691,hyeonjuni@example.org
고영진,60641,충청남도 성남시 삼성길 964-41 (진호오읍),윤서이연립,061-576-5899,ogsun55@example.org
박성현,80456,충청남도 청주시 서원구 서초대가 97,현숙심김타운 110호,031-195-5109,bagmigyeong@example.net
김정훈,80439,대구광역시 서대문구 논현907거리 237,수민김타운 468호,061-311-1690,yjang@example.org
안도윤,47762,세종특별자치시 성북구 가락거리 155-99 (성훈김마을),경수이황마을 라동 652호,017-120-6199,minjuni@example.com
김경숙,94838,광주광역시 노원구 양재천길 770-69 (보람이김마을),지우장이타운 U동 924호,064-759-9443,minjun21@example.com
박준서,94044,강원도 예산군 백제고분로 356 (준영지마을),도현문권마을 664호,063-915-9784,myeongja85@example.net
조은주,53237,세종특별자치시 서초구 언주로 78,순옥박빌라 J동 036호,054-527-0163,iseonyeong@example.com
김경희,04393,인천광역시 금천구 영동대7거리 584 (상철김리),상훈김오타운 T동 683호,061-662-1602,fgim@example.com
한서윤,94681,전라북도 고성군 압구정7거리 919-42 (준영박마을),영일김류마을 S동 882호,064-733-6174,jeongsugi@example.org
홍예원,10392,세종특별자치시 영등포구 영동대거리 126,상철김김타운,017-411-7663,bagsangho@example.org
이종수,46491,세종특별자치시 구로구 논현길 738-17 (정호윤마을),민수이타워 188호,053-450-7380,lgim@example.com
박재현,98850,대전광역시 성동구 서초중앙382길 590,성진최연립 P동 564호,053-284-5414,doyun77@example.com
김옥순,50394,서울특별시 동구 강남대47거리 144,지민오문빌라 G동 348호,011-241-0052,egim@example.com
안서준,73028,경기도 안양시 개포가 947-22 (우진이홍마을),은경김타워 U동 821호,033-231-3250,bagjunseo@example.net
김중수,35928,부산광역시 동대문구 양재천033가 239-74,지훈김타워 622호,055-751-2829,bagmyeongsug@example.com
강정웅,89575,광주광역시 성동구 개포거리 247-46 (준혁김김읍),명자김연립 C동 814호,010-4340-3587,jo@example.org
김민재,74998,전라북도 의왕시 영동대719로 460,영호손연립 940호,02-0704-3224,jeongsu25@example.com
이진우,58445,전라북도 양구군 삼성8로 735-79 (예준이이면),현정최타운 R동 598호,053-133-2178,ugim@example.com
박영순,19119,전라남도 금산군 잠실로 지하183 (승현전류동),정순윤타워 209호,016-595-6988,ygim@example.com
배영수,65715,인천광역시 동작구 테헤란25길 519,상호고박타워 C동 143호,010-4045-1338,subinhan@example.net
김수진,38464,인천광역시 서대문구 가락가 지하14,미경강한마을 719호,052-970-6446,yejini@example.com
김서연,57886,충청북도 태백시 역삼로 809 (종수김리),옥자박이빌라 672호,054-107-5040,minseoseong@example.com
최병철,59836,강원도 청주시 흥덕구 반포대로 783 (미영김면),지영이하마을 C동 680호,054-214-0259,gyeongsu36@example.org
이아름,28273,충청북도 동두천시 역삼407가 860-93 (명숙이강마을),미영김최빌라 451호,042-226-5228,minjaeo@example.com
김현준,44284,세종특별자치시 강북구 반포대41가 525 (준서박강읍),순옥안타워 623호,031-481-0338,gimjungsu@example.net
차지우,64685,대구광역시 강서구 봉은사85가 201 (종수안김읍),종수이마을,070-0008-9155,bagjunhyeog@example.com
이수빈,65656,인천광역시 강북구 백제고분3거리 181,동현김타운,055-360-7848,hanjiweon@example.org
장현숙,06342,세종특별자치시 서초구 가락867로 402-91,미경이아파트 O동 805호,02-5119-8870,isanghun@example.com
김영철,86569,경기도 부천시 오정구 서초중앙59거리 830,유진주아파트 261호,042-913-4301,zjang@example.com
양지연,92133,대전광역시 은평구 삼성253가 704 (선영이면),은영이마을 132호,062-365-8264,tryu@example.org
성지현,79830,전라남도 구리시 개포길 510,하윤한송빌라 926호,043-948-9934,fbag@example.org
박주원,95191,울산광역시 은평구 영동대231가 지하157 (지혜박최면),재현김김연립,032-020-8129,seoyun09@example.net
박현지,52675,강원도 부천시 소사구 양재천가 331 (정호김동),경희양김연립 30동 003호,041-445-9815,eunju11@example.net
박현정,91829,전라남도 부천시 오정구 잠실가 752 (민석주김면),시우김타워 649호,064-755-8632,hanyeongsug@example.org
진은영,69547,전라남도 남양주시 학동20가 763,주원김타운 305호,041-417-8754,yeeungim@example.net
이미정,95311,인천광역시 강동구 서초대739가 847-23 (승민김이리),종수유박마을 954동 117호,051-857-8645,seongyeongmi@example.net
안예준,86433,세종특별자치시 중구 반포대가 768-51 (진우이동),재호권아파트 980호,031-824-0214,yejin95@example.net
강수빈,34842,제주특별자치도 정선군 삼성가 442 (상호류마을),종수김이아파트 689호,070-3396-5910,zgim@example.com
김도현,94184,충청북도 용인시 처인구 양재천가 297-22,민지김타운 955호,041-414-9420,abag@example.net
최명자,85545,서울특별시 서초구 오금거리 787-35,선영박권마을 13동 117호,052-864-8357,mbag@example.net
이지영,95179,경상남도 수원시 권선구 서초대63길 375-60 (민준이리),미경오김타운,02-3552-5801,minjaegim@example.org
민영희,64919,대구광역시 양천구 영동대거리 915,정훈고김타운,044-861-8816,iseonghyeon@example.net
이주원,00737,인천광역시 광진구 반포대759거리 671,예지김민타운,051-055-5641,seojuni@example.org
민혜진,53554,인천광역시 북구 영동대127거리 767 (지후김박면),재호박장빌라 449호,043-365-0387,eunju38@example.com
양영진,46995,대구광역시 관악구 학동3로 464,정수이타운 L동 358호,02-2354-6334,gimjeongho@example.com
이영진,99381,울산광역시 관악구 반포대거리 687,지연윤타운,053-844-4963,rcoe@example.com
박지영,92247,대구광역시 서초구 영동대081로 644,정희류마을 987호,032-551-9276,areumgim@example.org
이예지,01479,부산광역시 종로구 삼성거리 714 (윤서백박마을),예원김박타운 X동 284호,054-901-9070,whan@example.com
이영진,33323,서울특별시 강남구 개포62로 590,정순이이타운 190호,061-068-8229,jia53@example.com
김진우,68586,경상남도 동해시 학동20로 954-36 (현지하리),춘자최류마을 156호,052-325-3934,yejinhong@example.net
엄성진,34848,대구광역시 강북구 양재천거리 302-56 (진호이장읍),영희류연립 P동 448호,053-349-5740,isunja@example.com
김영일,44790,대구광역시 북구 서초대길 70-48 (영철김박읍),서준김타운,051-371-8013,ii@example.net
권지현,93776,전라남도 평창군 선릉길 71 (수진최읍),현준이한빌라 751호,044-142-2142,fbae@example.org
김영환,54201,충청남도 수원시 백제고분5거리 973-53,영길정빌라,016-986-0044,gimyeongsun@example.com
백정웅,06664,대구광역시 양천구 백제고분로 680,예진김빌라 805호,017-486-2431,jiabag@example.org
김수빈,37159,대전광역시 동구 논현2로 595 (유진이민마을),정호지타워,062-686-2470,iogsun@example.org
최건우,19558,경기도 천안시 서북구 선릉길 195,진우이타워 758호,016-890-2074,miyeong25@example.org
이경숙,46293,광주광역시 양천구 가락로 998 (보람류마을),영숙차연립,051-409-8253,jaehyeoni@example.com
노건우,15096,인천광역시 강북구 가락5길 796 (하윤김이동),지현고이빌라,061-748-5044,coehyeonjeong@example.net
이명숙,64240,경기도 안양시 만안구 석촌호수가 425,민재김이마을,062-953-3812,jeongsugweon@example.org
노영길,21770,강원도 안양시 동안구 도산대가 지하153,영길이박타운 926호,032-194-9066,subin07@example.org
이영진,54719,경상북도 안산시 상록구 선릉31로 309,주원김김타운 013호,041-947-9929,djang@example.com
이도윤,15638,강원도 양평군 학동가 288,정수박민연립,018-767-4278,yeongjin43@example.org
이선영,43054,충청남도 용인시 수지구 잠실거리 754-69 (재현신김읍),서현박김마을 Z동 168호,070-5255-6659,fi@example.net
이정자,61416,강원도 안산시 영동대98가 884-40 (현지이민리),현주김최빌라 S동 639호,018-162-8148,jiyeongim@example.org
곽시우,34399,대전광역시 광진구 봉은사길 지하4 (현지김이마을),현숙김마을,010-4313-2401,gimyejin@example.net
박혜진,59199,충청북도 태백시 역삼로 657-7 (정식유동),순자안마을,032-412-7229,nhong@example.com
이미숙,31850,대전광역시 중랑구 영동대거리 351,은주최빌라 X동 915호,032-583-7479,myeongja91@example.net
박민서,84196,제주특별자치도 논산시 봉은사거리 63 (숙자최동),성훈전빌라,064-703-6836,qi@example.net
남지민,38430,부산광역시 강서구 압구정4길 607 (현숙김리),순옥김김빌라 070호,053-015-8109,rcoe@example.com
이민지,72436,전라남도 여주시 압구정74가 598,민재김고타운,031-122-7230,jihyeonbag@example.com
서도윤,36352,부산광역시 도봉구 테헤란0길 57 (예진김동),준혁김타운,064-765-9913,ijeongho@example.org
심상철,88248,부산광역시 강북구 강남대7로 966-60 (정희김동),영호성타워 276호,051-299-8302,ehan@example.net
강지훈,55534,광주광역시 광진구 서초대로 735-86,준서김김타워 225호,017-308-6014,theo@example.org
김은정,37610,인천광역시 남구 양재천307로 224,영진윤문빌라,044-768-9322,oryu@example.com
김건우,13259,서울특별시 성동구 압구정길 678,중수권백타운 N동 227호,011-000-0268,mijeongbag@example.org
송우진,46518,경상남도 남양주시 강남대길 360,명자우아파트,061-784-3295,jongsuan@example.net
이성훈,73569,강원도 수원시 팔달구 선릉706로 577-78 (영식고황리),은경이김연립 F동 970호,010-6833-0330,yeongho82@example.org
지서준,43292,경상남도 부천시 원미구 개포길 955-18,미영서박마을,053-982-2194,dyun@example.org
김준호,51021,세종특별자치시 성북구 테헤란008길 142 (영길김김동),지연조이타워 O동 693호,061-415-8087,ngim@example.net
한정숙,25159,충청남도 예산군 삼성길 926,은서이문연립,052-199-7410,hanseunghyeon@example.com
박영자,29789,인천광역시 동대문구 테헤란거리 265-68,서준박연립,011-906-7955,jiyeonggim@example.net
김서연,07547,강원도 양양군 잠실가 355-16,우진박빌라 G동 073호,016-635-9217,seongsuyang@example.com
김수진,34286,서울특별시 서대문구 서초대295로 688,준영이타워 830호,054-962-3274,jangsunja@example.net
김영환,78368,충청북도 성남시 오금577가 805,미영김허연립 610호,053-821-5313,iseoyun@example.org
송지우,50828,서울특별시 중구 반포대59거리 지하481,예지김연립,016-096-8541,yeongceol41@example.net
최재현,05661,서울특별시 은평구 개포길 642-91 (예진이읍),준영조빌라 097호,043-330-5149,sonjunseo@example.org
김재현,11613,경상남도 충주시 선릉4거리 지하637,영길박아파트 L동 003호,010-2152-7565,songsugja@example.com
황성민,83185,인천광역시 노원구 서초중앙로 771-79 (서윤박김동),민지이연립,052-974-0649,gimminsu@example.org
박영순,29340,경기도 증평군 반포대거리 533-42 (유진최최동),진우이문타운 J동 308호,016-624-9250,myun@example.net
안명자,11507,대전광역시 용산구 봉은사가 329 (미영김최동),현정김고빌라 가동 184호,063-535-2455,anam@example.org
이미정,35126,전라남도 당진시 석촌호수거리 344,명숙박백타운 W동 904호,052-036-9405,jiyeongim@example.org
이정호,32468,부산광역시 구로구 양재천로 542,은경박김타워,062-199-7058,hyeonjiyang@example.net
이재현,29242,제주특별자치도 공주시 개포3로 780-66 (준영조이면),동현김마을,02-8954-4537,yeeunryu@example.org
권수빈,54206,경상남도 예산군 강남대9길 889 (춘자이동),영길한김타워,016-560-3516,igim@example.org
고서준,91314,강원도 성남시 학동가 963,준호김마을 U동 311호,010-4139-5657,vcoe@example.com
최지은,80610,전라남도 서산시 압구정58로 5-56 (순자박면),성진김최타운,053-134-4826,jeongho09@example.org
최서윤,63898,경상북도 시흥시 선릉로 976-10 (건우남강리),정식김빌라 I동 623호,055-340-6562,jangyunseo@example.net
김정남,24608,전라남도 서산시 학동로 175 (현숙송이읍),지아김김타운 816호,017-251-4705,ryuyujin@example.net
배숙자,74425,울산광역시 중구 테헤란가 969-71 (우진김최면),수민김타워 B동 630호,043-373-8540,gyeongjabag@example.net
권미영,71500,인천광역시 강동구 역삼8길 131-45,영일이민연립,044-463-9957,gimseongsu@example.org
백성민,92966,울산광역시 금천구 역삼74거리 938,미경김배아파트 852호,054-171-7561,areum81@example.net
박도윤,20644,경상남도 구리시 영동대889거리 875 (예원이윤리),재호박최타운,054-063-7941,jeongsuggang@example.org
김상철,53475,서울특별시 강서구 석촌호수1가 14-3,병철김연립 317호,031-198-2533,ybag@example.org
백성현,44780,세종특별자치시 서초구 언주8길 616-71 (정호양동),채원이연립 가동 742호,062-717-9114,namyeonggil@example.net
홍옥자,25847,서울특별시 종로구 가락8가 380-82 (지민김마을),은영차최마을 G동 503호,010-1899-4774,ogjason@example.net
김도윤,52538,강원도 춘천시 개포0거리 271,지후이박아파트 498호,019-227-8150,byeongceol12@example.org
김중수,00352,인천광역시 강서구 삼성로 641-86,민석송아파트,017-750-1593,psong@example.org
이지현,32841,서울특별시 동구 오금293길 178,영일홍이빌라 S동 330호,031-290-9293,coegeonu@example.org
권예준,23986,전라북도 의왕시 선릉3가 399-65,서연강연립,063-074-8876,ogja98@example.org
이우진,93884,세종특별자치시 관악구 양재천695로 715-64 (건우한면),정순황김빌라,052-204-7527,coejeongsug@example.net
김병철,58598,강원도 용인시 처인구 석촌호수3거리 504 (영철김마을),영호이노빌라 685호,054-058-3878,gimboram@example.com
박은서,21834,전라북도 춘천시 가락215길 917 (성호유이면),은경안유연립 다동 844호,017-087-5687,jeongsubag@example.com
박영순,29185,광주광역시 도봉구 개포길 500 (영자장면),승현한박타운 667호,010-0690-2172,sgim@example.org
허수빈,02272,세종특별자치시 서대문구 선릉가 지하83 (현정송이읍),현준한연립 678호,011-899-3983,fjang@example.com
김예원,37472,서울특별시 성북구 삼성223로 977,예원권장연립 614호,041-880-0706,qgang@example.net
이정남,05965,서울특별시 중랑구 오금로 626-21 (지영김최리),병철김강마을 742호,063-846-4702,sonseongmin@example.com
성예진,38580,충청북도 동해시 백제고분로 267-5,영일윤김아파트 Z동 619호,041-202-9622,iyeongjin@example.net
서성진,32372,인천광역시 서구 오금512가 531,미영김연립 869호,011-848-3662,eungyeong69@example.org
이보람,43419,울산광역시 중랑구 강남대884거리 867,경수김성마을,017-567-1547,jeonghun11@example.org
서수빈,21378,광주광역시 북구 석촌호수49길 764 (도현권김동),병철김타운 410동 941호,017-610-7011,minji41@example.com
김광수,13372,광주광역시 중구 선릉가 791-37,은지최류아파트 Q동 592호,032-735-2374,jiugwag@example.org
김현숙,87110,광주광역시 종로구 양재천가 383,서준조이타워 917호,017-800-9276,bagminjun@example.com
김정호,88154,제주특별자치도 안성시 개포로 82-45 (영수손면),정자김마을 746호,016-253-7537,jiweon80@example.org
박채원,59860,인천광역시 송파구 서초중앙8길 388,주원노빌라 418호,032-632-6925,bagyunseo@example.org
김은영,29227,울산광역시 동대문구 양재천로 337 (미경윤면),정숙홍아파트 다동 931호,042-817-5479,junseo02@example.org
이성현,06462,충청북도 화성시 가락066거리 551,채원박김연립,017-873-8427,ogsun92@example.com
이은주,88292,강원도 고성군 서초중앙380가 지하128,혜진김아파트,062-013-5981,jiyeoni@example.net
김경희,21499,대전광역시 강서구 학동498거리 153-35 (옥자박마을),예지이주타워 바동 200호,053-328-8103,hyeonju96@example.org
성지은,03020,대전광역시 동작구 역삼로 659,정자이류마을 I동 275호,051-545-0765,jaehyeongang@example.com
김정자,58082,인천광역시 광진구 역삼가 998 (준혁김이리),예은최빌라 가동 060호,02-5163-6040,gimsugja@example.org
김서현,76092,제주특별자치도 청양군 강남대5가 307-19,진호한신타워 434호,052-731-1076,minsu28@example.net
박서영,38264,경상남도 성남시 수정구 삼성246길 507-41,성현최마을 868호,041-530-5145,junhyeog93@example.org
권지현,97067,세종특별자치시 영등포구 언주33로 201-12,미영최윤빌라 022호,044-974-2461,hyeonsug16@example.net
박예지,11585,인천광역시 강북구 오금607로 50,숙자박김마을,017-174-4161,dbag@example.org
이미영,35729,제주특별자치도 예산군 서초중앙길 116 (은주윤박읍),상호박배마을,043-058-1191,xbag@example.com
김주원,92076,경상북도 의왕시 도산대470길 32-9,상호김빌라 Z동 657호,062-639-5535,qi@example.net
홍현주,32789,충청남도 화천군 선릉길 230-22,지현강아파트 N동 774호,031-144-0024,migyeong23@example.org
김지현,66602,전라북도 수원시 장안구 양재천길 563,진우김배연립,019-209-6826,yujin73@example.net
이지훈,94624,부산광역시 종로구 가락500로 871-25 (정자김이리),지원권이아파트,064-751-5428,minseoi@example.org
강은주,57291,전라북도 수원시 영통구 압구정가 444 (서준장동),도윤이마을 970호,054-570-1802,bagjeongho@example.org
김윤서,85262,전라북도 수원시 팔달구 언주0로 957,수진이박타워 U동 002호,016-015-2372,iyeongjin@example.org
황현준,90064,광주광역시 영등포구 도산대6로 740,민준김빌라 143호,011-016-3347,subincoe@example.net
최명숙,17057,경상북도 파주시 논현8로 757-15,민석김최타워 M동 351호,064-790-2588,jinho64@example.org
김광수,45974,경상남도 당진시 테헤란48거리 642,미정배김타운 U동 560호,032-457-2684,ybag@example.net
이경자,00072,경상남도 남양주시 반포대6로 294,지아임타워 007호,010-6734-6809,iyang@example.org
허옥자,39944,울산광역시 송파구 영동대0가 633-20,영일최김타워 611호,062-532-9492,gimmigyeong@example.com
이현숙,65703,부산광역시 성북구 학동844길 241-27,민지허허마을 Y동 127호,019-490-0725,jeongsu18@example.org
곽지아,61087,울산광역시 서초구 가락705가 861-66,영일윤김타워 396호,041-119-9729,gimeunju@example.org
박진우,09357,전라북도 구리시 오금거리 391,중수김빌라 721호,070-0964-2473,doyun78@example.com
성보람,29255,울산광역시 남구 역삼로 72,현지류장아파트 O동 711호,02-0098-3191,iyeonghyi@example.net
류예은,34743,대구광역시 양천구 역삼940로 801-1 (정희고고동),윤서진안연립 X동 286호,051-649-4783,caeweonan@example.net
심숙자,13381,서울특별시 관악구 서초중앙4가 지하895,지연서빌라 다동 402호,016-237-2251,minseoi@example.net
진중수,78194,인천광역시 도봉구 가락682길 289 (성훈이읍),현정서장타운 E동 446호,055-653-8400,dcoe@example.net
고수진,93181,전라북도 여주시 선릉13길 925 (현정양리),승민이마을 925호,053-381-2036,kgim@example.net
윤상철,69375,충청북도 홍성군 역삼287거리 253-77,영수양아파트,044-839-8752,aheo@example.org
권시우,11734,전라북도 영월군 백제고분403가 488-92 (혜진김리),은영이최아파트 T동 894호,052-356-8265,migyeongson@example.net
김영숙,45598,전라북도 양구군 테헤란2길 697,수민양심아파트 F동 731호,070-5314-2326,iyeongho@example.com
박영수,34975,부산광역시 종로구 반포대2가 지하172 (은영노강마을),성진오이타운 764호,064-785-2395,agim@example.org
김영순,89124,부산광역시 도봉구 영동대로 270-20,미정임빌라 146호,062-471-3049,myeongsug15@example.net
박아름,72682,경상남도 서산시 논현84거리 지하346,은서박마을 65동 338호,054-922-2407,ohaeun@example.net
송준호,95315,광주광역시 서구 양재천42길 589-95 (은서김동),은주주김타운,031-617-6883,yunseogim@example.com
김명자,93131,세종특별자치시 서대문구 역삼112로 887,은주김김타운,063-017-0039,migyeonggim@example.com
박은서,08818,경기도 안성시 서초중앙705가 449 (주원손이마을),상현장김타운 440호,061-727-7469,jeongsunha@example.com
오아름,75024,부산광역시 광진구 강남대4거리 685-24 (정수최김면),지민이아파트,061-868-0107,miyeong76@example.net
정승현,85282,충청남도 공주시 언주47거리 6 (영식황동),지혜이아파트,011-769-3178,bagjuweon@example.net
서지혜,36281,전라북도 화성시 오금2로 984,정희김아파트 280호,064-765-3646,di@example.org
손영숙,00517,경상북도 성남시 반포대0거리 지하860,민지이김연립,042-733-6105,xbaeg@example.net
박정훈,22283,부산광역시 서초구 도산대6거리 910-4 (병철하배읍),영희박이연립 326호,032-683-0079,bagminji@example.net
권영길,27384,전라북도 영월군 테헤란2길 지하607,지훈안김마을,033-736-2365,bagseungmin@example.org
이하윤,98346,세종특별자치시 강동구 잠실가 지하484,승현김아파트 875호,033-706-2345,lgim@example.com
최영미,81248,충청북도 수원시 영통구 언주5로 92 (성민우이면),미경김김아파트 188호,055-007-8607,misugyun@example.net
윤도윤,29156,울산광역시 금천구 서초중앙로 552,경숙허연립,044-621-3740,tjin@example.net
김정호,57317,강원도 양구군 도산대032거리 840 (수빈윤동),지은노전빌라 라동 002호,016-265-8857,qgim@example.com
김영순,86630,대구광역시 강남구 백제고분로 730-78 (숙자최읍),현지이아파트,061-713-2174,minjiim@example.com
우예지,29603,세종특별자치시 강서구 논현65길 956-56,성진김이마을,011-112-9675,jeongho55@example.org
김재현,03434,부산광역시 관악구 잠실가 319,은정홍서타운 N동 135호,018-422-6283,ccoe@example.org
강우진,13542,서울특별시 성동구 도산대로 202,정희김연립 809호,02-8011-1834,jjo@example.com
류은지,49930,광주광역시 동대문구 봉은사거리 206,서영심아파트 681호,063-922-1603,baejunho@example.org
김지은,75494,경기도 양평군 역삼71거리 911 (정자이이면),광수이빌라 C동 608호,033-352-1988,vson@example.net
김혜진,64289,광주광역시 서구 도산대1로 979 (미영박리),현지김마을 336호,041-862-7475,bagyeonghwan@example.com
김성민,00678,전라남도 용인시 처인구 서초중앙거리 120 (지영우마을),성호이차타운 라동 897호,041-696-8829,yeongsig13@example.net
권성수,11446,세종특별자치시 강북구 논현길 927-11 (민준황동),옥순김이빌라 C동 238호,055-830-7681,obag@example.com
류서윤,61505,세종특별자치시 노원구 논현773가 668 (지우강박면),미정허마을 Y동 229호,052-366-9374,ajin@example.net
임성훈,72750,충청북도 남양주시 논현가 지하326,성수김타운,016-286-1904,gimhayun@example.org
최서준,20520,경상남도 증평군 석촌호수로 54,병철류안타운 417호,019-622-2955,bagjeongung@example.net
장영길,58404,제주특별자치도 옥천군 언주거리 371-85,하윤강빌라 C동 101호,070-9265-3467,jeongja72@example.org
손영미,02554,부산광역시 종로구 논현거리 273 (지연황면),지후양김타워,044-492-7517,myeongsuggim@example.net
이성진,20888,광주광역시 종로구 강남대2가 53-84,은정김박타운,02-9850-0412,seongsu23@example.com
이미경,00416,강원도 구리시 역삼56거리 206,영일최양빌라 00동 597호,061-078-4341,minseo26@example.com
김경숙,43181,부산광역시 강남구 봉은사688가 3-1 (영일문허동),예지최김연립,061-366-5739,jomyeongsug@example.com
김영식,83187,세종특별자치시 강북구 학동가 563 (지현류마을),유진오타워 133호,055-123-7970,xhan@example.org
하지민,64064,울산광역시 종로구 서초중앙길 740 (지원김면),미정박서타워 368호,019-543-0463,anseungmin@example.com
한중수,68346,제주특별자치도 제천시 강남대2로 795 (도현서김마을),서준류김빌라,062-720-6508,gimgyeongsug@example.org
김중수,68527,경기도 성남시 분당구 삼성853가 지하873 (아름조김면),진호박김타운,032-742-9281,bagjunyeong@example.org
김아름,87126,광주광역시 중랑구 강남대49길 333 (은주윤박읍),미숙류송마을 136호,033-297-5595,jeongnam96@example.org
이서영,75579,경상남도 안산시 상록구 반포대로 625 (예지차읍),진호배타운,011-498-3881,lgim@example.com
김영일,32290,제주특별자치도 의왕시 학동5가 42-92 (성수이마을),은지박송마을 바동 402호,02-6473-7034,hyeonsug08@example.org
남민수,81127,전라남도 강릉시 도산대330가 688,재현김연립 386호,055-012-1008,lgim@example.com
장예원,24470,전라남도 청주시 서원구 잠실길 189-75 (지우권읍),건우김강타운,064-725-0060,yeongsugsong@example.com
한미영,54226,대전광역시 영등포구 학동로 994,재호김송연립 Y동 958호,042-779-2496,scoe@example.com
류혜진,64620,부산광역시 중랑구 선릉7거리 67-78 (진호강강동),광수김타워 857호,042-638-6737,hayeonggil@example.org
김병철,24479,대전광역시 도봉구 서초중앙309거리 635-56,승민이연립,017-669-8995,imigyeong@example.net
허재호,63732,세종특별자치시 종로구 테헤란가 398 (미경이동),수진김아파트 797호,064-775-8527,zan@example.net
윤지후,65279,대구광역시 서초구 개포거리 954 (영진박읍),수민이박타운 Q동 830호,064-783-9219,ogjabag@example.org
이상호,35619,서울특별시 동구 선릉493거리 377,보람고연립 B동 264호,011-735-2261,seoyeong57@example.org
김춘자,32553,충청남도 평택시 잠실31로 925-10,재현김아파트 543호,011-092-1453,hyeonjeong56@example.net
김영호,53271,제주특별자치도 속초시 영동대길 451-66,도윤이최타운 W동 946호,032-684-3257,ui@example.com
박지혜,44569,충청남도 안양시 동안구 오금가 715-46 (미정김읍),영호조타운 622호,033-540-3874,ogja10@example.org
권경희,51424,광주광역시 은평구 강남대가 259-10,영식한타워 740호,033-254-1253,wgim@example.com
홍예지,82393,강원도 화성시 강남대3로 947-51 (준호임권마을),주원김마을 915호,054-218-3605,psong@example.com
김지우,97802,강원도 김포시 테헤란가 321 (도윤박이동),예원김박연립 893호,032-642-4361,sunja25@example.net
김진호,11499,울산광역시 마포구 서초중앙길 지하4,수진김한마을,041-637-0792,misugu@example.org
김지민,72092,충청남도 부천시 원미구 도산대34거리 561-68 (성호김마을),예진양타워 N동 523호,02-9902-8070,fi@example.com
이춘자,28634,경상북도 영월군 학동가 774-40,성현박연립 Y동 885호,070-7657-0687,seojunan@example.org
배현지,00612,전라북도 천안시 동남구 삼성64로 235,정희박강연립,055-267-9826,yeongja65@example.org
남하은,97232,서울특별시 영등포구 삼성가 318 (수빈김마을),상현한최빌라,054-450-2041,fgim@example.com
황정호,76070,광주광역시 동작구 논현길 741 (승현김김동),영길손하빌라 가동 219호,044-975-9852,qseong@example.org
이정숙,68221,전라북도 금산군 잠실1길 62-74 (아름노면),지원허박타워 P동 614호,018-011-6536,gwangsuryu@example.org
신예진,59944,충청남도 가평군 논현90거리 846-33,정숙배오타운 W동 390호,02-5485-6442,migyeong26@example.org
서순옥,75165,울산광역시 강동구 반포대길 229-28,지우오아파트 Y동 362호,016-292-0416,hjeon@example.net
박현우,00410,세종특별자치시 동작구 양재천754거리 150-70,정호박민마을 L동 690호,031-128-1774,gwangsugim@example.net
정민재,32128,인천광역시 강북구 강남대가 지하951 (도윤김면),민서안김아파트 K동 181호,043-832-8857,borambag@example.net
최현우,96433,대전광역시 관악구 봉은사71거리 293-73,민서이박마을 A동 708호,019-656-7270,jihunjeong@example.net
박지영,28315,경기도 양평군 가락2가 413-46 (수빈김오면),민지강하연립 691호,043-612-9749,eunjigim@example.net
이순옥,56485,경기도 단양군 반포대61길 245,은서김박연립 D동 703호,02-7874-2715,sanghyeonryu@example.org
허지우,47902,광주광역시 남구 역삼074가 400 (영숙황리),재호오타워 V동 753호,062-293-2018,gangseoyun@example.com
류지훈,50629,경기도 광주시 잠실4길 542 (지훈서마을),은경이안타운,061-232-1083,mjo@example.org
송민준,85435,서울특별시 광진구 논현04거리 424 (미정김김면),수민김정타워,063-033-2287,gimjeongsun@example.net
김영수,60888,광주광역시 성동구 개포로 524-66 (현준최리),준서윤마을 M동 562호,062-835-4827,yangjiyeong@example.com
이현숙,04169,전라북도 증평군 논현982거리 390-57 (영수장동),정자박타워 018호,054-070-3917,ggim@example.net
이정남,70755,강원도 부천시 가락5거리 151,예준박권아파트 942호,016-177-4078,jeongsuggim@example.org
박영자,02417,대전광역시 노원구 테헤란566거리 429-83 (병철최김마을),정호김강빌라 462호,010-8518-7834,oogsun@example.com
이경자,31856,광주광역시 성북구 영동대68가 651-39 (중수박면),지현이마을,032-740-2058,yejungang@example.net
홍지은,08750,세종특별자치시 강북구 언주537로 364 (도윤곽김동),성민김빌라,063-334-4734,ryujunyeong@example.net
권서연,36244,인천광역시 마포구 언주45가 592 (영자박면),숙자황아파트,063-622-9783,ogja07@example.org
류현지,96110,대구광역시 구로구 개포18길 309-81 (미영박동),영식오빌라 067호,016-638-4846,hyeonsugyun@example.org
이지혜,60798,광주광역시 영등포구 테헤란로 279-78,예지이타운 259호,02-5701-2163,yunminjae@example.org
홍예준,58782,충청북도 횡성군 오금로 805,정웅박이연립,064-750-0383,eunyeong62@example.com
윤은영,59393,전라남도 성남시 영동대420거리 지하234 (은경박지면),지우김마을 906호,061-196-5031,coebyeongceol@example.net
김민서,34678,울산광역시 강동구 언주355거리 375 (정호심마을),지은김연립,016-584-6305,ihayun@example.net
이수진,86146,대전광역시 광진구 잠실로 251 (미경류김리),서현박아파트 F동 689호,018-070-1588,miyeong55@example.com
이정웅,39061,충청남도 태백시 봉은사가 820 (미영하마을),영미장박타운,053-118-5953,yeongja65@example.net
류지현,81802,충청북도 성남시 중원구 백제고분6가 292-79,민지오빌라 693호,053-889-0976,gimminjun@example.org
윤보람,77506,제주특별자치도 춘천시 석촌호수가 456 (유진한허마을),종수이타워,017-970-8567,su@example.org
우상철,69611,대구광역시 양천구 선릉로 541-37 (준영안면),민재김타워 877호,032-014-9163,gangsiu@example.org
윤성호,96412,부산광역시 서대문구 언주거리 927-89 (서영문장동),순옥황아파트 687호,041-342-6297,yunseogim@example.com
백주원,52759,부산광역시 동구 가락길 605-92,하윤서박타워 422호,033-906-1642,seunghyeonjang@example.org
박선영,58530,전라북도 안산시 상록구 학동로 553-65,보람김이타운 H동 586호,018-993-6212,coeeunjeong@example.com
김준영,19152,전라남도 당진시 강남대로 지하319 (민수장마을),예지김연립 V동 090호,018-837-4977,jeongsu25@example.com
이민석,42372,대구광역시 종로구 논현6가 182-40 (혜진김김읍),진우이박빌라 311호,053-892-0908,ugim@example.com
김명자,67499,서울특별시 도봉구 가락98가 지하790 (정훈김읍),아름최마을,02-7102-5196,jiu59@example.org
김병철,84294,전라남도 포천시 역삼거리 지하846 (보람나김동),우진송김마을,051-373-6285,ogweon@example.com
최은지,76482,전라북도 서천군 테헤란길 560,지영장연립 439호,070-3262-3769,donghyeon63@example.com
오유진,17809,인천광역시 도봉구 서초대7길 377-92 (예진이이마을),정희김김빌라,02-4805-3282,jgim@example.org
김우진,08857,경기도 양주시 삼성664가 153 (준호김송동),은주홍김연립,018-452-8484,rha@example.com
김정훈,59135,경상북도 시흥시 영동대61길 521-11,하은김심아파트 B동 109호,010-2481-4595,gujihu@example.com
조건우,19698,부산광역시 금천구 오금385가 640 (영환하이리),재호김김타워 Z동 867호,031-589-6485,jangseoyeon@example.org
이혜진,98485,대전광역시 서대문구 선릉길 744-84 (정식이동),정웅문아파트,044-111-0995,jeongho43@example.net
류광수,54212,경기도 가평군 서초중앙9로 63-64,승현안성빌라 바동 633호,017-146-1803,seungminan@example.com
김상호,50376,서울특별시 강동구 가락로 176,경희안타워,011-956-2244,gohyeonjeong@example.net
조하은,26440,광주광역시 양천구 도산대491로 686-49 (민지안박면),아름최타워 773호,043-873-3371,jiweon61@example.org
김은경,27152,대구광역시 관악구 봉은사거리 417 (예진류김읍),중수강아파트 176호,061-366-9063,ujino@example.org
이은서,39458,제주특별자치도 안성시 백제고분로 873,서준황류빌라 452호,070-6468-4855,dohyeoni@example.com
박성진,07823,경상남도 계룡시 잠실길 지하543 (경숙이박동),영미김연립,017-591-8699,rgim@example.com
이상훈,52007,충청남도 포천시 학동로 104-73,지민황이마을,031-565-0404,minjuni@example.com
차지혜,44095,경기도 고양시 삼성거리 787 (현준이박읍),성민박이타워 617호,043-449-5310,sgim@example.net
박서준,02873,제주특별자치도 양주시 도산대03길 155-51,승민김김마을,033-186-0895,donghyeon02@example.net
김민준,08956,전라남도 아산시 백제고분12거리 414-98 (영순김김리),영진고이타운 Q동 430호,016-821-4102,nojeongnam@example.org
한민석,25536,대전광역시 서구 테헤란73가 101-58,서영이마을,010-0069-4680,bagjeongnam@example.org
김미숙,04342,부산광역시 노원구 서초대가 349,지은김연립 572호,055-805-6646,ogjai@example.net
이현주,13301,울산광역시 관악구 역삼589가 119-32 (윤서박면),중수안타운 E동 928호,011-377-6623,ryuhyeonji@example.org
이윤서,98218,울산광역시 광진구 삼성가 229-24,현주김타운,053-545-5956,bagmiyeong@example.com
이도현,48778,충청북도 수원시 테헤란53길 38,영순이타운,051-102-8305,ujin10@example.com
이지혜,58285,경상남도 정선군 역삼로 943-8,예은김빌라,063-664-1747,rbag@example.com
이민준,41326,부산광역시 관악구 양재천371가 765-37,승민박타워 729호,062-651-7793,caeweon07@example.net
신지민,54872,세종특별자치시 서구 압구정44로 393-61,지혜양진연립 R동 384호,042-076-5048,ijiu@example.net
김성수,89269,강원도 횡성군 백제고분4로 414-88 (지훈김엄읍),주원한황타워 T동 183호,018-851-0055,ogsun28@example.net
김은영,69088,대구광역시 강동구 오금653로 507-23 (현숙주읍),정웅이마을 831호,054-511-9040,byeongceol20@example.net
이지후,68275,서울특별시 강동구 도산대720길 666-78 (은지백읍),지민김양타운 470호,041-176-8899,hayun63@example.com
조경자,12199,강원도 군포시 반포대길 262,순자황타운 159호,043-529-6161,seoyeong67@example.net
김지은,62882,광주광역시 서초구 봉은사4로 515,중수배엄타운 U동 218호,019-874-3481,minjae82@example.com
조은서,22548,경상남도 청양군 백제고분로 381,순옥황타워 994호,063-826-9374,ryuhyeonju@example.com
김은영,69004,충청북도 수원시 장안구 압구정040거리 881-19,은경박김마을,064-767-0435,jungsuhwang@example.com
이정자,74265,부산광역시 성동구 양재천3로 443,순옥김아파트 Q동 860호,032-852-6431,xbae@example.com
이지아,72869,울산광역시 서대문구 석촌호수길 151,수빈김타워,02-7781-1795,seungmin01@example.net
김옥순,51645,울산광역시 중구 선릉89거리 767-31,건우이김아파트,051-472-4211,hongjiyeong@example.net
최은지,09262,광주광역시 관악구 봉은사268길 847-77,준혁최류연립 706호,064-795-9972,bagjiyeon@example.com
황진호,39725,경기도 수원시 영통구 가락86길 533-42 (경수권리),정호박박빌라 631호,011-556-7290,seongmin43@example.org
고광수,70699,경상남도 보령시 서초중앙08가 207 (지현진권마을),상현박주타운 666호,055-602-0832,ygim@example.org
박채원,30493,충청남도 공주시 도산대9길 486,준서문타운 라동 707호,063-571-9010,ihaeun@example.org
김중수,52478,인천광역시 양천구 개포길 392-14,영길백아파트 O동 868호,031-664-0541,bryu@example.net
이선영,91945,충청북도 안양시 만안구 봉은사6길 8,아름김타워,02-0853-2122,jeongsig28@example.org
김정수,74897,전라남도 괴산군 잠실거리 693-25,영희이김연립 982호,033-883-7986,wi@example.com
성숙자,53520,인천광역시 중랑구 서초대44로 109 (미경이마을),건우이아파트,032-378-4667,anmijeong@example.net
김승현,10773,서울특별시 중랑구 영동대거리 931,현준심아파트,062-963-7016,ybag@example.net
이현준,69300,충청북도 김포시 양재천로 818-75,은지김연립 740호,064-750-7731,seohyeon35@example.com
박은영,49052,대구광역시 금천구 양재천로 761 (승민박김리),상훈송이아파트,016-929-5862,yeongsugim@example.org
김예은,21372,충청북도 평창군 반포대70거리 지하762 (중수박읍),예은송빌라 516호,053-811-4759,jihyegim@example.net
이은주,13376,전라남도 용인시 봉은사가 875 (정자김마을),하은장연립 380호,033-767-7235,minsu45@example.org
김은서,48854,서울특별시 용산구 영동대거리 809 (은주김마을),영식박최연립 709호,017-516-0230,gimyeongsu@example.com
고경희,33043,경기도 안양시 동안구 봉은사6로 427 (명숙장이면),현주김강마을,053-980-0928,igyeongsu@example.com
류우진,38424,울산광역시 성동구 언주26거리 357-72 (예원김안마을),민서김안연립 B동 684호,053-786-6374,guyejun@example.org
김서준,58824,경기도 영월군 선릉6로 876 (옥자김읍),옥순윤연립,061-557-5231,ijimin@example.com
황윤서,59676,서울특별시 강서구 언주1로 118 (성훈양윤면),준서김박빌라 A동 866호,044-656-7665,hyeonju41@example.net
이지연,08341,전라남도 금산군 반포대가 164-55 (서연이마을),민서김타운 가동 179호,051-886-6908,zgim@example.net
박정순,57711,부산광역시 중랑구 반포대4길 441,영미오최아파트 937호,064-793-3418,hyu@example.com
이수빈,58869,전라남도 시흥시 영동대536거리 232,예원김안타운 T동 484호,064-739-0278,misug28@example.net
최시우,14243,세종특별자치시 구로구 테헤란로 906-15,민지이이타워 W동 461호,061-159-2912,eunseoyun@example.org
이은정,22217,울산광역시 남구 서초대로 758-89 (은경엄읍),승현한연립 183호,016-493-4130,fi@example.net
김재호,12801,서울특별시 성동구 서초대415로 679,수진김박아파트,064-704-1301,ijeongsug@example.org
백명자,82547,강원도 청주시 흥덕구 압구정28로 지하122,서현이마을 T동 586호,070-7230-1370,jiyeon90@example.org
이우진,52449,경기도 보령시 양재천561가 지하703,명숙황마을 608호,042-511-8695,hyeonju29@example.net
이정훈,91756,세종특별자치시 강남구 백제고분로 181 (유진박김면),영환정연립 V동 481호,043-825-1277,hyeonjeong99@example.com
최아름,89029,경상남도 의정부시 도산대거리 757,민석박연립 062호,053-681-5124,yeonghoo@example.net
박순자,72885,인천광역시 용산구 테헤란길 553-11,지영안박연립 V동 138호,018-876-9391,yeweon70@example.org
한승현,64189,강원도 평택시 개포182가 540 (주원장김면),현지박문연립,064-756-9882,ogjabag@example.com
김지영,56920,세종특별자치시 마포구 테헤란67길 178,옥순심이연립 G동 453호,019-174-0407,yeeuncoe@example.org
최지영,54716,울산광역시 서초구 논현631길 817-79 (유진김면),영길김윤타운,02-1647-5768,jbag@example.com
김민지,62591,충청남도 수원시 장안구 잠실길 213-63 (영진이이마을),중수이김연립 586호,02-3960-6337,minseosim@example.com
김준서,64258,서울특별시 동작구 영동대가 383-91 (현숙성리),정웅김타운,032-361-0735,gimeungyeong@example.net
이은주,01864,전라북도 수원시 권선구 오금313길 660 (성호강읍),민석장김아파트 Q동 456호,070-2920-6972,migyeong52@example.com
이상철,86746,전라남도 의왕시 압구정256로 398-25,은서박문타운 N동 893호,011-150-8057,gimyeji@example.com
김경숙,75337,전라남도 가평군 논현536거리 178-24,정호김김타운,02-3563-8035,coejieun@example.org
남선영,07526,세종특별자치시 강남구 서초중앙58거리 649,수빈차김빌라,011-748-1977,coeyeongja@example.org
김상현,61461,대전광역시 성동구 언주길 205-29 (서영강이동),정식이연립 C동 663호,063-838-8571,yeonghwan24@example.net
김수민,85316,충청북도 의정부시 가락로 547-21,영식장박빌라 101호,032-835-5485,ieunyeong@example.net
박은지,00720,대전광역시 강서구 반포대101로 536-61 (예준김읍),정희남타운 F동 705호,070-7613-1821,ai@example.org
김건우,30761,경상남도 고양시 개포66길 892 (영순김장면),성진박타운,010-0842-4153,egim@example.net
박주원,69736,경상남도 수원시 권선구 가락91가 950,지연황아파트 052호,016-282-8838,gimjinu@example.com
이건우,02636,경기도 안양시 만안구 석촌호수가 252 (성민손마을),지민이아파트,064-776-8283,xgim@example.net
조유진,63821,충청남도 양양군 가락가 205 (진호김읍),상호박타운 O동 315호,011-564-8918,rbag@example.net
최도윤,95893,부산광역시 중구 잠실290길 932 (준호문노리),미정류조마을,064-781-6856,hyeonjuncoe@example.org
장상훈,87289,부산광역시 마포구 영동대로 280-62,주원황김연립 265호,044-251-4690,jiweon78@example.com
허성호,69492,충청북도 성남시 중원구 강남대가 980,하윤강아파트 665호,019-395-6621,zgim@example.net
황지영,63844,전라북도 영월군 논현가 414-12,서현이김빌라,019-402-0547,ni@example.org
이영자,22309,전라남도 증평군 학동34로 4-2 (현주최김읍),서연강성연립,054-931-3409,lgwag@example.com
김혜진,16618,인천광역시 동구 테헤란93로 8,민준김타워 591동 203호,041-848-8048,jeonghyii@example.com
이준영,49615,대전광역시 남구 언주로 715 (은주최류면),명자김빌라,02-6300-6854,gweongyeongsu@example.net
김현주,39507,전라북도 수원시 장안구 반포대0로 279-97 (미경이면),현주김연립 I동 180호,062-480-8560,gimsanghyeon@example.net
이미영,80171,경기도 수원시 언주거리 795 (옥순한이마을),수진한연립 R동 148호,010-1518-3184,hyeonjiryu@example.com
우은영,58244,경기도 이천시 도산대로 140,정남이박아파트 N동 313호,033-306-2146,hyeonsug12@example.net
최영자,02266,경기도 고성군 삼성617로 657,광수홍마을 735호,017-558-3776,eungyeong03@example.org
김지후,42547,서울특별시 강남구 강남대461길 978,수빈김타워 O동 213호,044-604-8468,gimogsun@example.net
김하은,24315,강원도 안산시 상록구 도산대9가 16 (은정이곽읍),정웅이타워,011-915-6340,ogjacoe@example.org
이영식,45342,강원도 고양시 영동대로 225 (경자이김면),민재한빌라 다동 262호,031-309-4486,jia97@example.com
이정자,84641,경상북도 보은군 학동길 787-35 (진호이동),서영박타운,070-9399-0067,imyeongja@example.net
박현지,63904,제주특별자치도 보령시 삼성633거리 266 (미경김면),현숙이타운,017-802-8613,xryu@example.com
이예원,69098,경상남도 공주시 가락거리 710,은정김마을 863호,055-635-0821,misugyang@example.org
최준호,83586,세종특별자치시 강동구 논현1로 48-94,정희송아파트,052-449-7467,jeongsugim@example.net
황도윤,32596,충청남도 안산시 단원구 영동대0가 282-71 (옥순이읍),재현이강마을 나동 616호,055-642-8345,ei@example.net
김성훈,01983,대전광역시 양천구 봉은사길 390 (지연손이마을),지훈이고타운 592호,010-0716-6495,seonyeong97@example.net
최지혜,63572,광주광역시 강남구 봉은사354거리 287-95,준혁차아파트,063-994-0188,jojeonghyi@example.com
권서연,07899,전라남도 이천시 반포대1길 735-98,혜진김장아파트,051-075-4456,seongmingim@example.org
이현우,53099,인천광역시 용산구 논현8로 616-94,순자우빌라,042-170-8788,jeongsu34@example.org
이성현,43242,제주특별자치도 삼척시 학동로 316 (수빈박조읍),승민이빌라 마동 337호,011-686-6443,baegjongsu@example.net
황지아,64905,울산광역시 남구 테헤란9거리 509,민준이고연립 I동 670호,010-4497-0532,myeongsug77@example.org
엄중수,42407,경기도 수원시 장안구 잠실8로 920,은경이이빌라 G동 778호,019-502-6717,wgim@example.net
박현주,54092,강원도 부천시 논현362로 725-34,옥자한강연립 X동 055호,011-320-2468,dyun@example.org
김정호,93269,충청남도 화성시 백제고분6거리 795 (도윤손동),경숙김연립 X동 126호,032-038-6144,po@example.net
백은지,15481,서울특별시 금천구 언주1길 295,미숙심이마을,033-443-0791,sujin47@example.org
황지아,86221,대구광역시 광진구 논현길 591,숙자이마을 002호,053-856-7993,ggo@example.com
김지혜,74065,광주광역시 성동구 언주길 98-91 (현준오박리),시우오타워,016-032-4402,yunjungsu@example.net
오춘자,27124,부산광역시 구로구 개포377로 390 (은서안김마을),경숙김타운,052-594-3522,jihuni@example.org
김지훈,20907,경상북도 천안시 서북구 석촌호수로 지하203 (상훈이면),영일허박타워,043-230-5684,sugja41@example.com
최영자,78245,서울특별시 강남구 테헤란58가 675,민지김박연립 M동 074호,02-0630-9504,sumino@example.net
송상철,29656,인천광역시 남구 잠실거리 789-94 (영숙한오동),숙자김김빌라,011-988-8126,jjeong@example.net
이영환,64671,서울특별시 성북구 반포대22길 364-26,주원김마을 178호,054-544-3390,hayun28@example.net
최미숙,34637,제주특별자치도 고양시 일산서구 테헤란1길 456,민수송박마을,011-252-6167,jeonghungim@example.net
이영길,20828,경상남도 연천군 백제고분2가 579,민준최민타운 519호,055-821-4716,gimyeeun@example.com
임성훈,47746,부산광역시 서구 강남대길 886-54 (지후김최읍),상철이빌라,041-063-4449,hasujin@example.com
김성진,52316,울산광역시 동작구 백제고분7로 881-94,지연권김타운,019-279-2025,tbag@example.net
고성민,07579,전라남도 부여군 역삼447가 지하803,민지김연립 19동 536호,018-354-9594,jujeongsun@example.org
이진호,43717,인천광역시 마포구 잠실가 611 (서준이김리),명자이연립,031-558-3441,seonghocoe@example.org
김현준,74898,인천광역시 구로구 언주가 341 (성민최이읍),수진장송아파트,055-127-4458,iminjae@example.com
오광수,44630,강원도 시흥시 개포9거리 지하586 (은지박리),경숙정연립 118호,010-6308-4040,fson@example.org
장진우,96943,강원도 아산시 백제고분거리 481 (지우김홍읍),은경김최타운 270호,011-258-0366,hyejin47@example.org
손영숙,82946,경기도 청주시 상당구 양재천거리 727,유진심연립,042-450-9860,nbag@example.org
김명숙,30567,인천광역시 영등포구 오금20거리 359 (영희류읍),지후이최연립 R동 588호,070-7945-0776,ti@example.org
최중수,68308,경상북도 공주시 개포거리 855 (예진김읍),예은신안마을,016-079-3521,caeweon58@example.net
오진호,60940,경상남도 성남시 수정구 도산대3길 951 (재현황리),미숙김타운 882호,031-284-3914,bagseonghun@example.com
김영식,12087,광주광역시 관악구 잠실28로 334 (영길송리),미영이김마을 다동 645호,054-689-3876,songjongsu@example.net
구중수,28603,울산광역시 노원구 도산대254거리 184,영일김이아파트 K동 039호,016-567-6980,bagyeongsug@example.org
전서영,64282,대구광역시 중구 선릉32거리 633-30,영호신타워 V동 006호,017-676-7612,jongsu13@example.com
백영철,50943,전라북도 공주시 도산대82길 329-27 (준영김마을),민서김김연립 263호,019-265-9267,yeongjinson@example.net
김순옥,50298,경상남도 과천시 언주로 지하805,은주이최연립,051-757-9556,tgim@example.com
류진우,91938,경상북도 제천시 역삼로 766,진호이김연립,061-407-4879,yeongjason@example.com
이지후,45877,경기도 인제군 강남대29가 490,지훈장빌라 08동 565호,010-9399-8637,jinho71@example.com
김지연,07918,부산광역시 구로구 삼성가 614 (숙자류박동),진호윤우연립 나동 742호,011-790-9741,geonui@example.net
김시우,77683,대전광역시 영등포구 오금6로 536,준영배타운 V동 190호,041-960-2860,minji10@example.com
김정숙,70380,전라남도 연천군 오금거리 35-29,아름강아파트 E동 252호,010-8204-8688,songmisug@example.org
김하윤,33734,서울특별시 은평구 가락818거리 121 (정순이마을),정순이타운,070-5347-8716,yeonghogim@example.org
이성현,48750,제주특별자치도 연천군 역삼로 491,미숙남안타운 가동 920호,02-5566-8099,lyun@example.org
박영수,88129,전라북도 연천군 개포로 159 (진호이마을),예지김김마을,031-862-7905,coesanghun@example.com
이예진,23505,경상남도 안산시 단원구 오금로 592 (성수김면),명숙나김빌라 467호,018-001-6865,geonu23@example.org
이종수,10476,전라남도 의왕시 잠실7거리 261 (민석김읍),상훈강이타워 W동 832호,064-741-2442,ci@example.org
이영철,70584,울산광역시 은평구 논현가 97-48 (상철박리),숙자이빌라,019-219-2311,yejun75@example.net
김옥자,69629,강원도 의정부시 잠실79로 539 (성현박읍),민재윤아파트 R동 546호,064-773-4445,seojun36@example.net
이은주,30893,제주특별자치도 용인시 수지구 테헤란7길 739-92,준영최손빌라,061-397-6338,seungmingweon@example.org
강수민,44034,전라남도 보은군 양재천가 지하349,승현이조빌라 O동 630호,031-144-4177,yeongsugim@example.org
김혜진,15196,광주광역시 강북구 석촌호수길 지하703 (현숙배김리),은지김연립 441호,016-932-1190,yeji93@example.org
백은정,25389,서울특별시 은평구 봉은사길 264-84,현주김손타워,019-959-4407,jeongboram@example.net
김은정,98767,서울특별시 동구 잠실로 834-82 (은경이읍),순옥박아파트 R동 676호,044-745-0264,ci@example.net
이영길,61738,인천광역시 양천구 학동길 136,성현문타운,044-464-2723,minsu17@example.org
장미영,48599,광주광역시 영등포구 학동997가 835,민지류박마을,053-060-2462,msong@example.com
한영진,87840,제주특별자치도 공주시 석촌호수거리 312-55 (예원안민마을),준혁양백타워 S동 882호,063-409-2355,yeongsigseong@example.org
박상철,74329,부산광역시 동구 영동대80길 724,상훈김백타워 J동 356호,062-903-7553,yeongsugbaeg@example.com
권은정,58906,경상남도 고양시 학동로 13-49,승현임타워 444호,018-889-7190,sunjajang@example.org
송영환,13711,서울특별시 마포구 서초대300로 지하784,옥순엄마을,053-594-0493,lo@example.net
김정희,32683,제주특별자치도 성남시 분당구 도산대246로 391-76 (예원이리),혜진이타워 A동 587호,052-952-3014,jeongsig17@example.net
이미경,27833,전라남도 군포시 봉은사로 915-88 (은주장면),서현김빌라 V동 827호,031-718-4344,coesubin@example.com
강예진,83293,대구광역시 강동구 역삼길 467-73 (서영서읍),동현박강아파트 C동 692호,044-723-0810,myeongja38@example.net
지영진,33961,부산광역시 강동구 도산대409로 지하253,재호한타운 529호,042-276-8323,hi@example.org
김정웅,29849,전라북도 당진시 반포대로 453,승민이류빌라 352호,033-124-9184,seohyeonbag@example.org
이옥자,36332,경상북도 용인시 수지구 역삼길 149-56,명숙이연립,032-484-7759,gwagyeongsig@example.org
박준영,96450,대전광역시 강남구 삼성거리 46 (서윤오리),선영최노타운 B동 719호,041-156-2006,jeongsui@example.net
강영길,32742,경상북도 괴산군 테헤란길 970-81 (서윤이이리),승민문타워,061-905-1402,myeongjayun@example.com
백승현,49371,제주특별자치도 하남시 논현366가 788 (재호강최리),명자나마을 H동 097호,055-924-9521,yeji54@example.net
박성수,26974,대전광역시 성북구 언주길 539 (재현박리),정자김마을,070-1420-3151,yeongsigi@example.net
강하윤,34369,부산광역시 동대문구 언주길 243 (영환박마을),서준전문타운 944호,018-900-1575,gimjeongsug@example.net
김은경,00097,광주광역시 남구 오금82거리 254-88,윤서김연립 790호,070-8739-8292,geonugim@example.net
김상훈,79701,경기도 철원군 봉은사792길 지하893,보람이김타워 60동 994호,042-508-4238,vsong@example.com
한영수,33873,충청북도 수원시 영통구 영동대가 774,정순강타워,010-7047-8980,gangjaehyeon@example.net
이현우,47117,경상북도 안산시 선릉로 266,경수우타운 194호,061-506-1878,handonghyeon@example.net
서예준,43900,경상북도 양주시 영동대거리 345-78,서현김이타워 863호,011-086-9961,coemyeongsug@example.net
홍정숙,26662,경상남도 횡성군 역삼02로 지하661 (지원김읍),정수이류빌라,011-574-1680,jiai@example.org
배하윤,93108,경상남도 당진시 선릉거리 390,영진문손타운 I동 538호,061-515-3176,sonseoyeon@example.com
박승현,48973,경상남도 남양주시 서초대길 359,현지배이아파트 188호,018-888-8263,cgim@example.net
윤아름,07203,전라남도 제천시 강남대길 206 (도윤박조리),진우송빌라 다동 067호,061-590-5099,ryuminseog@example.com
조병철,61735,대전광역시 강서구 석촌호수632가 715-7,명자최타워 T동 051호,02-3756-7974,misug69@example.com
노정식,75573,충청북도 가평군 가락157길 633 (은경장마을),민재이연립,052-848-5862,hyeonjeonggim@example.net
이지원,27960,제주특별자치도 진천군 개포로 19-83 (현우남동),지연류강빌라,032-004-3160,dgo@example.org
김경자,48054,대구광역시 관악구 압구정가 81,예진최이타운,042-994-5972,gimyeongsig@example.org
김현우,93239,전라남도 용인시 처인구 압구정가 388,주원김나타운 314호,043-750-7850,ison@example.org
이지은,13086,강원도 의정부시 역삼로 158 (영길최동),민준김빌라 C동 380호,061-827-0369,coeyeongjin@example.net
박보람,23558,충청남도 광명시 삼성340거리 384 (민지노최동),준서김타운 095호,032-100-8163,yeweonhong@example.org
서성민,76089,인천광역시 강북구 삼성1가 279,서현박빌라 S동 704호,061-968-6949,yueunyeong@example.net
서진호,45222,울산광역시 양천구 압구정067가 지하463 (지현박읍),하윤박윤연립 U동 649호,010-9313-6098,xhan@example.org
김지연,76881,울산광역시 서구 도산대467가 665 (경숙이이마을),은서이빌라,053-871-3125,seungmin06@example.com
성주원,05869,제주특별자치도 포천시 서초중앙길 지하942 (지혜박이리),민지송연립 817호,032-009-5076,ui@example.org
고지후,89158,부산광역시 서구 강남대가 지하338,재현윤장빌라,043-555-5564,yejin52@example.net
배혜진,13638,전라남도 보은군 논현가 900,민수권아파트,064-735-7445,hyejin38@example.org
배정훈,86072,대구광역시 노원구 학동224로 273 (영희최민리),하윤최빌라,044-246-7739,coehyeonju@example.net
김명숙,39634,울산광역시 중랑구 도산대거리 145-47 (상현박김리),지은조타운 221호,016-963-8948,ngim@example.net
김시우,16396,서울특별시 동작구 개포9가 680,성진박장빌라 198호,011-647-1181,minseog06@example.com
강중수,91890,대구광역시 도봉구 테헤란길 94 (순옥이마을),현주백마을 053호,043-623-3214,iheo@example.org
윤민석,61885,광주광역시 강남구 가락가 852,유진황타워 F동 002호,017-825-8086,idohyeon@example.org
주현우,97434,충청남도 횡성군 백제고분거리 547 (지연김이읍),미정김타워 670호,011-204-9611,jangjiu@example.net
이진우,22433,부산광역시 송파구 봉은사9길 지하152,숙자김박빌라,070-0180-2010,yeongsu68@example.net
박순옥,49290,세종특별자치시 동대문구 잠실길 105-64 (은서우최동),광수이민아파트,018-520-6156,iyeongsug@example.net
김중수,91922,울산광역시 중구 삼성468길 506-47 (건우박김면),성현차고연립 920호,010-6037-6750,lmun@example.net
이정숙,14856,인천광역시 동작구 개포34거리 938,성훈이우아파트 195호,017-226-4902,sgim@example.net
김재호,91935,세종특별자치시 양천구 역삼24가 843-87,보람박박마을,041-363-5452,jeongsig53@example.org
황진우,71164,충청북도 군포시 강남대거리 421 (동현김읍),민준백빌라 082호,018-248-1036,gwangsugim@example.com
이영일,77572,대구광역시 서구 언주180길 49-18,채원허우아파트 T동 737호,042-696-3076,jeongja38@example.com
류보람,16201,대전광역시 강서구 개포거리 435-49,정웅김김타워,062-946-0558,geonuhong@example.net
이영식,38892,광주광역시 양천구 오금1로 782 (은경서이읍),재현이문빌라 535호,070-7413-2526,jeonghyi67@example.org
엄미경,69909,울산광역시 구로구 도산대로 136 (영진최면),혜진김김타운,017-911-0267,yujunhyeog@example.com
김상호,15805,전라북도 영월군 도산대길 255-28,성현장타운 Q동 008호,055-421-1657,seonghyeon02@example.net
양경수,57993,강원도 부천시 반포대370가 680 (명자최양마을),시우박장아파트 라동 327호,064-750-5009,ohwang@example.com
김미경,39593,제주특별자치도 안양시 만안구 반포대거리 487-53,정숙김마을 057호,053-746-2978,gyeongjacoe@example.net
안진호,65812,제주특별자치도 인제군 언주234로 818,영수김타워,018-682-1592,ahwang@example.com
서준혁,44291,경상북도 부천시 원미구 서초중앙거리 482,성현김타운,062-328-9699,pjo@example.net
권정순,90568,강원도 고성군 학동가 394-99,수진안서타운 122호,011-470-6632,ijeongsun@example.org
김영숙,57494,대전광역시 남구 석촌호수6거리 11-6,동현한연립,044-995-6735,vseo@example.org
송지훈,33507,서울특별시 관악구 논현33가 80 (수민이마을),예원오마을 라동 386호,053-256-8164,kjang@example.com
박종수,07947,경상남도 용인시 처인구 영동대거리 803-24,영길최박타워 034호,043-341-3785,hanhyeonsug@example.com
최민수,90306,광주광역시 중구 서초중앙977길 지하260 (유진김읍),옥자윤타워,010-9625-3072,seonghunbaeg@example.com
최건우,72932,광주광역시 은평구 잠실1길 773,영수이마을 103호,041-158-6335,bseo@example.org
이영진,43967,대전광역시 중랑구 가락로 63-2,민수김타운,061-599-5585,jongsu07@example.org
정준서,28652,대구광역시 송파구 강남대로 126-53 (영일류한읍),준혁박최타워 H동 489호,061-040-1671,hyeonjigu@example.org
김영자,79465,인천광역시 금천구 잠실28거리 52 (현준이이면),민지강김타워,062-344-7689,ji@example.com
최영숙,23169,경상북도 증평군 선릉로 491 (영진이읍),서윤윤타워 083호,032-249-5577,qji@example.org
엄정숙,73665,대전광역시 성북구 강남대88길 539 (영수최읍),시우남빌라,032-096-7049,hyeonjeongcoe@example.com
김영자,05024,인천광역시 종로구 석촌호수856거리 939,영순김빌라 342호,053-011-6168,yeongsug65@example.net
심은정,12100,경기도 청주시 청원구 선릉가 203-55,옥순오타워 Y동 285호,044-543-0979,hayun96@example.net
윤재호,88424,울산광역시 서초구 영동대가 296-31 (영환배읍),영철나빌라 B동 366호,033-190-5819,ucoe@example.net
백숙자,96771,전라북도 동해시 서초중앙거리 지하90 (윤서최조마을),주원전타운 610호,016-190-6554,gimyejin@example.com
이성호,52975,인천광역시 서초구 잠실4가 352-65 (영자윤김리),영일양강타워 426호,033-407-4480,zseo@example.com
김재호,77777,경상남도 안양시 만안구 서초중앙거리 777,민재이윤아파트 537호,042-536-4098,fbae@example.org
박유진,23219,광주광역시 노원구 백제고분가 367 (지우한동),정식김마을 019호,063-429-6281,seoyeonggim@example.org
김영희,22409,광주광역시 강남구 영동대가 212-3,성훈박연립,064-795-0359,hyeonjun94@example.org
김지현,48152,세종특별자치시 광진구 영동대로 434-2,순옥김타워,052-457-1156,jinu69@example.org
문정식,83745,제주특별자치도 성남시 분당구 봉은사가 지하612,진호한김타운,052-797-3375,ryujeongsun@example.com
이아름,90075,부산광역시 마포구 오금18거리 311-86 (성훈하리),아름구구타운 D동 138호,031-214-7251,gimhyeonjeong@example.net
